title,artist,album,duration_seconds,audio_url,jamendo_track_id,jamendo_album_id
Wish You Were Here,The.madpix.project,Wish You Were Here,270,https://prod-1.storage.jamendo.com/?trackid=1214935&format=mp32&from=xyfDGxcjPRqtUMCgMcH5cA%3D%3D%7CZI2r7pN75T7TrM0eyNn5CQ%3D%3D,1214935,145774
RED LIGHT,Egor Budennyy,RED LIGHT,190,https://prod-1.storage.jamendo.com/?trackid=1932670&format=mp32&from=x0DlhefAb4EDAlhtEz5RHQ%3D%3D%7ChNjJlj%2F6kZCanN8SkUVFEA%3D%3D,1932670,477294
What Is Love,Melanie Ungar,What Is Love,212,https://prod-1.storage.jamendo.com/?trackid=1204669&format=mp32&from=vp97xBr2gFhpYbFrbcmFHA%3D%3D%7ChYcT0bOpNo3YpuWc6fOSXw%3D%3D,1204669,144705
Love Will Come Back Again,Chaz Robinson,Chaz Robinson,236,https://prod-1.storage.jamendo.com/?trackid=1141572&format=mp32&from=Qv0SCTtD3Bb2C4v5gdASQw%3D%3D%7CjsCOJoS%2FLeBjdyYWYzMQ3A%3D%3D,1141572,136930
First,JekK,Dear Dreams,204,https://prod-1.storage.jamendo.com/?trackid=1157362&format=mp32&from=G3Nsg21O5EXld8TDVeTvjg%3D%3D%7CSf7CkT2MWZHXh8Fs5T%2FpEQ%3D%3D,1157362,138887
In Tune (J. Glaze Remix),Kellee Maize,The Remixes (2015),346,https://prod-1.storage.jamendo.com/?trackid=1161940&format=mp32&from=iY%2BJMNZvXqaaU1RuEPa0pg%3D%3D%7C2pB%2FtcbDQUizvltiR7qyOg%3D%3D,1161940,139585
Energy,Pokki DJ,Energy,230,https://prod-1.storage.jamendo.com/?trackid=1129271&format=mp32&from=kGhzooZITGbVnE4mOsymJA%3D%3D%7CVHQ2guguOirlIQmQ5FBYDw%3D%3D,1129271,135310
Music Soothe - Meditation Music,StimiBeats,Impression - Meditation Music,216,https://prod-1.storage.jamendo.com/?trackid=2034080&format=mp32&from=vzWds6mmThVIPToKLkUQ3Q%3D%3D%7Ct0s6eKHRzkorEifnzOKefg%3D%3D,2034080,522038
You and Me,JekK,Dear Dreams,194,https://prod-1.storage.jamendo.com/?trackid=1157358&format=mp32&from=E8wfX6NBTU6fuTcglhTXHA%3D%3D%7C5pQbX%2BjwnfQtASgOhP0jYg%3D%3D,1157358,138887
Survive,JekK,Roses,163,https://prod-1.storage.jamendo.com/?trackid=1353511&format=mp32&from=bFtDxYPYJyJmIae0OFuOcw%3D%3D%7CdRvtosqFyra78E0dPP4rhw%3D%3D,1353511,159568
"Boys, Girls, Toys & Words",Modern Pitch,Eye Of The Storm,357,https://prod-1.storage.jamendo.com/?trackid=1165005&format=mp32&from=ZCZMe2Yu%2BvvCHHKvFXY40Q%3D%3D%7CyN30B1EiIlJ8fSeXxjTqxg%3D%3D,1165005,140048
Crazy Glue,Melanie Ungar,Crazy Glue,220,https://prod-1.storage.jamendo.com/?trackid=1480482&format=mp32&from=tyB7w7jAZ36YIhKLOrJx0w%3D%3D%7C71ZpsuxDRjd0lVbnh0j5eQ%3D%3D,1480482,292101
Human Light,John Dada & the Weathermen,folK.itUp,234,https://prod-1.storage.jamendo.com/?trackid=1194315&format=mp32&from=Igwr8ehy2%2BKxD3MNTdBJmA%3D%3D%7ClXedvSgObx6eu3TU8MDn3Q%3D%3D,1194315,143735
Strong,JekK,Strong,187,https://prod-1.storage.jamendo.com/?trackid=1528165&format=mp32&from=OpGh4cal%2BE82VmcENJQb2Q%3D%3D%7CatJvSu3XmU8rsbGrxP5xYg%3D%3D,1528165,175186
We'll Light The Sky,Lyonn,We'll Light The Sky,168,https://prod-1.storage.jamendo.com/?trackid=1215788&format=mp32&from=IotlIObE%2FLKlDfiBbreN1w%3D%3D%7CdTcmurmeqOOcZ7T34Ioqdg%3D%3D,1215788,145856
Sweet,Tamara Laurel,Lightning,214,https://prod-1.storage.jamendo.com/?trackid=1122085&format=mp32&from=nnsrDFySCw3LfY6C%2BsAHcQ%3D%3D%7CoBTZKBd1bUciINg8477G3w%3D%3D,1122085,134086
Good Old Times,Alex Cohen,Good Old Times,145,https://prod-1.storage.jamendo.com/?trackid=1436621&format=mp32&from=HLi5Sb51Pnj8Do1XTPOEBA%3D%3D%7CxxqAwDk1QwVaZzmu4DiJeQ%3D%3D,1436621,257320
Struttin',Tryad,Listen,242,https://prod-1.storage.jamendo.com/?trackid=26736&format=mp32&from=ZVxkCp3qNaMmvFzhfav5Gw%3D%3D%7C15SEemXc9FlVB9lwHIf%2BBw%3D%3D,26736,3661
Skydiving (feat. Jasmine Kara),Jonay,Skydiving,247,https://prod-1.storage.jamendo.com/?trackid=354778&format=mp32&from=V4Ur9VPA4x6GeNx%2BjCReFA%3D%3D%7C5TmtduhXCYiDuB8zWHKAkw%3D%3D,354778,46325
I Want You,Tamara Laurel,I Want You - Single,206,https://prod-1.storage.jamendo.com/?trackid=1031187&format=mp32&from=NNEfBD%2BFlNoPe1W7LKFUSg%3D%3D%7CE36FjnRY2Eb1TMYblBjMUg%3D%3D,1031187,121316
Possibilities,Jasmine Jordan,Time Travel EP,210,https://prod-1.storage.jamendo.com/?trackid=1230403&format=mp32&from=Bhhhwq6JaifOJxHRPgX9oQ%3D%3D%7CRxEb%2F2wY08DSP0P%2B6SbnAg%3D%3D,1230403,147554
I Want You,Neon NiteClub,After Hours,248,https://prod-1.storage.jamendo.com/?trackid=1187780&format=mp32&from=DGbnkaDPcPshf8DwfIwqPg%3D%3D%7CLQVO68zJ0fMlTcsB17IYhA%3D%3D,1187780,142959
Alone,Tryad,Listen,256,https://prod-1.storage.jamendo.com/?trackid=26738&format=mp32&from=mTkgnZwexiKiPo4Ld5Teww%3D%3D%7CpeLXPiHsMHikECvJoJbx9g%3D%3D,26738,3661
Alone,Color Out,Alone,245,https://prod-1.storage.jamendo.com/?trackid=1886257&format=mp32&from=m%2BDkFHe%2FOw5DD6pz797dbQ%3D%3D%7CzB47xiMqMU%2B2XRCkFhGDQg%3D%3D,1886257,455221
Bad Chick,The.madpix.project,Bad Chick,300,https://prod-1.storage.jamendo.com/?trackid=1111548&format=mp32&from=rlS%2FeYjcnDbhmWcv%2ByF69A%3D%3D%7C4u5ff%2BJZP3Ks2gDXrY90iQ%3D%3D,1111548,132764
sad robot,pornophonique,8-bit lagerfeuer,312,https://prod-1.storage.jamendo.com/?trackid=81740&format=mp32&from=dBdU0lAaGC2AdY6LxsqjVg%3D%3D%7CF0qefZ0nGjxTGuyBk5s3%2FA%3D%3D,81740,7505
Safe and Warm in Hunter's Arms,Roller Genoa,Little Liar - Single,243,https://prod-1.storage.jamendo.com/?trackid=1314412&format=mp32&from=j5Oqg%2FKB4lmJHq5%2BERgs6Q%3D%3D%7CCIK%2B4PioW1Q1cnmVynrclw%3D%3D,1314412,156032
Give Yourself Away (Produced by Benstar),Mickey Blue,Give Yourself Away (Produced by Benstar),219,https://prod-1.storage.jamendo.com/?trackid=1378797&format=mp32&from=5uH8mV%2F9BF4LpAhC0dtZwA%3D%3D%7C9%2BWzyqQG%2F1rmqbmGscavig%3D%3D,1378797,295392
The Symphony,Lyonn,The Symphony,188,https://prod-1.storage.jamendo.com/?trackid=1342712&format=mp32&from=9EJI9%2FSu2sXj8Arczk56cQ%3D%3D%7CpU9uMSUwlNsuJ33dGkgkuw%3D%3D,1342712,234316
Lollita Don't Let Me Go feat. Youngbirdy,Lollita,Don't Let Me Go,208,https://prod-1.storage.jamendo.com/?trackid=1103000&format=mp32&from=HWkhuvVwwujGPizClGhScg%3D%3D%7ChFCr2NusI4dDOhyGKkvMsg%3D%3D,1103000,131648
Balrog Boogie,Diablo Swing Orchestra,The Butcher's Ballroom,233,https://prod-1.storage.jamendo.com/?trackid=391002&format=mp32&from=1vJD0hw1roQp3hvrG83vcQ%3D%3D%7CVEkZCsELxMUDojx26pXMYQ%3D%3D,391002,49216
Set Me Free,Chasing Eidolon,Chasing Eidolon,337,https://prod-1.storage.jamendo.com/?trackid=623192&format=mp32&from=dU932KR2JTQR4Xzpm4WiqQ%3D%3D%7C9E1JDTwNLXyyFky41tfPtg%3D%3D,623192,72189
Moments,The.madpix.project,Moments,230,https://prod-1.storage.jamendo.com/?trackid=1465314&format=mp32&from=s5w1Z%2BizmiGoIdBF691gnA%3D%3D%7CRtW9nbuYgv8LqAADBbMNEQ%3D%3D,1465314,169949
Do You Still Dream,Explosive Ear Candy,Do You Still Dream,165,https://prod-1.storage.jamendo.com/?trackid=1313604&format=mp32&from=NTMVpzLjDXka82dC3futnw%3D%3D%7CAz7bqWID2udDAX5n0uPbmQ%3D%3D,1313604,214437
Day Free,JekK,One Day,197,https://prod-1.storage.jamendo.com/?trackid=1093792&format=mp32&from=lqMK8OozWbgZ2iZUh%2BEXfQ%3D%3D%7ChaNeRZpW08s2INc%2FVhfI%2FA%3D%3D,1093792,130370
Point of no return,Roger Subirana Mata,Point of no return,259,https://prod-1.storage.jamendo.com/?trackid=168834&format=mp32&from=wVnjXonmyIwH%2BLGUV6wpBg%3D%3D%7CeAldNBNnbPos0tYfk4hKaA%3D%3D,168834,24858
Leave and Never Look Back,madelyn munsell,Adventures,249,https://prod-1.storage.jamendo.com/?trackid=1174817&format=mp32&from=nl1wLWbrW9pgwmmjn9YLSw%3D%3D%7C5wgyI6Nsalj4HFqZuDGeRg%3D%3D,1174817,141498
Two Kids,THE DLX,Two Kids,211,https://prod-1.storage.jamendo.com/?trackid=1485420&format=mp32&from=k%2BctIoYCYVIyUuimfhJh6Q%3D%3D%7C95%2FuEKcsxGGpSo5qey%2Bj9g%3D%3D,1485420,248755
Dance tonight,Lollita,Lollita Dance Tonight,208,https://prod-1.storage.jamendo.com/?trackid=1215874&format=mp32&from=pH0w2vgxraT%2F8nBuBTGyag%3D%3D%7CfUjwlyghTAoNcTndZs55aw%3D%3D,1215874,145868
Horizons,Train Room,Train Room,219,https://prod-1.storage.jamendo.com/?trackid=1321406&format=mp32&from=lttY3%2FFMc6yzLjkvxF8YiA%3D%3D%7CwhkjoayRBZQsFbizKkVlnQ%3D%3D,1321406,156646
Falcon 69,The Easton Ellises,Nightwavs,224,https://prod-1.storage.jamendo.com/?trackid=1135700&format=mp32&from=mE5lWgUM0z0YtfkCM4qUHg%3D%3D%7CT05TPb34RFPHuHbr7m0aeg%3D%3D,1135700,136365
Summer of Our Lives,JARA,BASOREXIA [MIXTAPE],239,https://prod-1.storage.jamendo.com/?trackid=1214591&format=mp32&from=n7NsSpr50ZPN%2Bd0NVjHS1w%3D%3D%7CJsXJMQGm2n3t7hBCQPYDJA%3D%3D,1214591,145734
Réalité,Silence,L'autre endroit,231,https://prod-1.storage.jamendo.com/?trackid=5340&format=mp32&from=H%2BChda%2BFANe3%2FNPjH5YwPw%3D%3D%7CVqyYHLPFO6uwAghWI8xnlw%3D%3D,5340,830
Dreams,Manhat10,Take It (EP),212,https://prod-1.storage.jamendo.com/?trackid=1215808&format=mp32&from=82zfUbRrDJeqKUQyXzPD2w%3D%3D%7CyHgP4bBI0Y02t4Y38d6UTQ%3D%3D,1215808,145861
Love is a Journey,Robert Avellanet,Heart & Soul,186,https://prod-1.storage.jamendo.com/?trackid=1119654&format=mp32&from=kpwBfDsS2Ncq%2BdhfE6J6tA%3D%3D%7Crt%2FOTW6IM%2FlLtJeR4p0uxg%3D%3D,1119654,133798
Breathe,Tryad,Listen,384,https://prod-1.storage.jamendo.com/?trackid=26737&format=mp32&from=VeLFoDUVhbSpoaUjKA2HAA%3D%3D%7C%2BnUh%2B04wdpXhi8V2Sdriyw%3D%3D,26737,3661
Round and Round,LAWRENCE BEAMEN,Round and Round,205,https://prod-1.storage.jamendo.com/?trackid=1178009&format=mp32&from=NOZkp2waBWFoZ95VEozodA%3D%3D%7C8HtskyEi8MZ7%2BMtGkuST3Q%3D%3D,1178009,243608
Come Back Home,Anna Craig,Anna Craig,252,https://prod-1.storage.jamendo.com/?trackid=777273&format=mp32&from=ndVzuPAbsUJdvxfUdeysAA%3D%3D%7CvYTiCZC016UZqr0jARyYvg%3D%3D,777273,91100
Lemon Pop,The Verandas,Deep Down,192,https://prod-1.storage.jamendo.com/?trackid=1119024&format=mp32&from=rq1P8igtgBIk2FqhrfJYyA%3D%3D%7CCzX7khBVE4nrTcWEtvKEqQ%3D%3D,1119024,133737
Constellate,Fleurie,Constellate,198,https://prod-1.storage.jamendo.com/?trackid=1549463&format=mp32&from=s%2BHLfiYSdalPWzRcH9SiXA%3D%3D%7CRdPQJdPrTtIoFPoIGuVa0A%3D%3D,1549463,222110
Dance with me,Manhat10,Take It (EP),204,https://prod-1.storage.jamendo.com/?trackid=1215805&format=mp32&from=SHMeBwTm3sv3an1WKkSA4A%3D%3D%7C5oALhDD%2BQWwpt6DAlMZq4Q%3D%3D,1215805,145861
Divergence (Remastered VIP),TheBlackParrot,Identity EP,385,https://prod-1.storage.jamendo.com/?trackid=1099703&format=mp32&from=zqPYW1RotNko7hdCiyhYUQ%3D%3D%7CQZMzBG1q7z3MYk%2FF2%2BG3KA%3D%3D,1099703,131214
Stories from Emona I,Maya Filipič,Between two worlds,210,https://prod-1.storage.jamendo.com/?trackid=196219&format=mp32&from=YqZyCPVpts%2B1cBhejTlmzw%3D%3D%7CTOD36tvucMKD0i2Msek4%2FA%3D%3D,196219,29279
Out of Air,Sydney Leigh,Out of Air,209,https://prod-1.storage.jamendo.com/?trackid=1364587&format=mp32&from=%2FyTJzLoxbZ7Fy86BCAlSMg%3D%3D%7CqSztV8JTKh5b0IEGEwRa%2Fg%3D%3D,1364587,216129
Stitches ft. Shane MauX,Lilly Wolf,This Painted Life,270,https://prod-1.storage.jamendo.com/?trackid=1093607&format=mp32&from=7zUe0GNRNBIh2X8gljqptA%3D%3D%7CCVD2Z8gumDbSaK%2FeEl5PJA%3D%3D,1093607,130347
Five O'Clock,JekK,One Day,140,https://prod-1.storage.jamendo.com/?trackid=1093794&format=mp32&from=tcXVYK3QQnSuf9%2FteaF2rA%3D%3D%7CtezKuFVukh%2BCzkGgcd36Hw%3D%3D,1093794,130370
Gates,Bellevue,Gates,269,https://prod-1.storage.jamendo.com/?trackid=1181019&format=mp32&from=giQBUJP1vyMK76PulcUqOA%3D%3D%7CGf9CQi2gwGv%2F7MqVqDbqvw%3D%3D,1181019,208641
Strictly Luxury,Lilly Wolf,This Painted Life,268,https://prod-1.storage.jamendo.com/?trackid=1093608&format=mp32&from=b8CeTsH9ci6dJYyInj%2BSWw%3D%3D%7C3zkKd%2BOoWsYQCLwB3mx0VQ%3D%3D,1093608,130347
Make It New,Major Major,Major Major,197,https://prod-1.storage.jamendo.com/?trackid=145968&format=mp32&from=bZzao253AOhQPpkXk1F60g%3D%3D%7CEyI3FL%2FAnwNx%2BLgKoiNLKw%3D%3D,145968,20784
Billy Comes Home,Heifervescent,Hoofed and Dangerous,264,https://prod-1.storage.jamendo.com/?trackid=287503&format=mp32&from=wzArYDxLv4Zs9r5y1zSEoA%3D%3D%7CxGUKA0Ju%2FadwGq3hKqsZ%2Fw%3D%3D,287503,39953
Come On Come On,Tamara Laurel,Come On Come On,241,https://prod-1.storage.jamendo.com/?trackid=1286581&format=mp32&from=xPjH1p4UY8gRUwXVu3mFxw%3D%3D%7ClucpBubBPIzXYEOeGKaqYg%3D%3D,1286581,233164
At the Mall,Emerald Park,For Tomorrow (2010 Edition),170,https://prod-1.storage.jamendo.com/?trackid=525915&format=mp32&from=7l8roRRitkorAU0ljxsdmw%3D%3D%7Cxr5VQlXlCHFQ%2BOqz9GIEwQ%3D%3D,525915,61436
Liquid Blue,The.madpix.project,Liquid Blue,228,https://prod-1.storage.jamendo.com/?trackid=1258976&format=mp32&from=qZgbqjvmRtnbFTOX243Pdw%3D%3D%7CocdKvay7MYNQnBNuzAgl2g%3D%3D,1258976,150486
Over Me,Jemex,From There to Here,208,https://prod-1.storage.jamendo.com/?trackid=135660&format=mp32&from=EMF8lQ3p%2FuEJEHaRnRJEDA%3D%3D%7CYHKrGuswV7JDWCFa%2BkW3zQ%3D%3D,135660,19298
Lovely,Tryad,Listen,313,https://prod-1.storage.jamendo.com/?trackid=26741&format=mp32&from=eBI5pn6VZTI%2F%2F5rpPIShhw%3D%3D%7CnrXkaKweYzVUYDaql3iIYw%3D%3D,26741,3661
Ready Set Stay,Grace Kelly,Live At Scullers,178,https://prod-1.storage.jamendo.com/?trackid=1017514&format=mp32&from=MlU4EzxZ2zXt%2Fp03sUNwjg%3D%3D%7CsTgc%2FrdFcrJQoiO1XUwcRA%3D%3D,1017514,119818
First Date,Leslie Hunt,Your Hair is on Fire,219,https://prod-1.storage.jamendo.com/?trackid=469571&format=mp32&from=obxgv0C2rnr%2BIfg7YqQkMw%3D%3D%7CUyyi9QiyEI8SqeZuqk0e8w%3D%3D,469571,55594
Give Me Hope,Modern Pitch,These Nights,292,https://prod-1.storage.jamendo.com/?trackid=1133992&format=mp32&from=iOOvg23ypsQimNrPb6XqCw%3D%3D%7CEsi4kmnaqDTvS%2BENRd459w%3D%3D,1133992,136061
Listen,Tryad,Listen,324,https://prod-1.storage.jamendo.com/?trackid=26739&format=mp32&from=EFqdGYu4eONP1fo2%2FUqyOQ%3D%3D%7CZlMzQJXpRwPdYH2rK845FA%3D%3D,26739,3661
Anyway - Produced by J. Glaze,Kellee Maize,The 5th Element (2014),214,https://prod-1.storage.jamendo.com/?trackid=1100505&format=mp32&from=BLf0EKMXTgcGa3Tr8tTVMw%3D%3D%7C%2BjUGqiQLY6uxTsAo0iGLdw%3D%3D,1100505,131319
All Rights Reserved,Anny Sky,New Trend,217,https://prod-1.storage.jamendo.com/?trackid=1187970&format=mp32&from=VStT12lJTZo06VNs5wVUVQ%3D%3D%7CnInyzhxGw5bpVfkEZqedsg%3D%3D,1187970,142986
Love Too Serious,Lilly Wolf,Play Loud,264,https://prod-1.storage.jamendo.com/?trackid=1093617&format=mp32&from=hIlrS03bkxLSzniivc0kjQ%3D%3D%7CgY%2FhxsYdrU6ma%2FHZQtkQlw%3D%3D,1093617,130349
Fire,Seth Power,Magnolia Soul,212,https://prod-1.storage.jamendo.com/?trackid=1483587&format=mp32&from=CMrl4bsk9hQqjAKb9msvqA%3D%3D%7CNCt6ieml4ifMdSLBiuXDIg%3D%3D,1483587,171527
GO!GO!GO!,Emerald Park,GO!GO!GO!,269,https://prod-1.storage.jamendo.com/?trackid=1242848&format=mp32&from=JxNlbm7vc5onCOnax5NU1A%3D%3D%7CXUU1wE7fKxr8WZStr5CiXw%3D%3D,1242848,148959
Beauty,Tryad,Listen,255,https://prod-1.storage.jamendo.com/?trackid=26742&format=mp32&from=a0OiYbieAMitIjdEcCaWGg%3D%3D%7C1RQhyXmbGBdRbPbrBzsUMw%3D%3D,26742,3661
Im not her,J Lynn the Bride,Jai Lynn EP,201,https://prod-1.storage.jamendo.com/?trackid=1176018&format=mp32&from=%2BxNRszuSs1BU2yne8Y%2BIyg%3D%3D%7Co8iofviLvSRo47Y%2BYgaELA%3D%3D,1176018,141614
Jealousy,Lilly Wolf,This Painted Life,222,https://prod-1.storage.jamendo.com/?trackid=1093609&format=mp32&from=MO6QMsLcfXWjIJJ63f55fw%3D%3D%7CJD2N0pPthFQZZWB1DDanKA%3D%3D,1093609,130347
For Your Love (feat. Rashani),Jonay,The Darker The Sky Is The Brighter The Stars Shine,237,https://prod-1.storage.jamendo.com/?trackid=172031&format=mp32&from=lHjW7WnzX6IIkLd8hL4azg%3D%3D%7CD0ySGXlkLT1rS%2FawXZtW3Q%3D%3D,172031,25331
Gnarly (feat. Devyn Rush),David Amber,"David Amber and Friends, Vol. 1",196,https://prod-1.storage.jamendo.com/?trackid=1243462&format=mp32&from=WhdxRDItZ9FZ3BUKLutjjQ%3D%3D%7CrqDst1pskyqDUkkAqhqzJQ%3D%3D,1243462,149020
Street Signs and White Lies,madelyn munsell,Adventures,228,https://prod-1.storage.jamendo.com/?trackid=1174820&format=mp32&from=HwrZ%2FgjTIbWLWAhhkqVrjA%3D%3D%7CuosEkM6aKksW2eZRx8ITgg%3D%3D,1174820,141498
The Heat,Sam Garbett,The Heat,286,https://prod-1.storage.jamendo.com/?trackid=1309301&format=mp32&from=v2B7HIldA7ZDukTi416DKg%3D%3D%7C13RLkiVEqGhE%2FMrcVaE7zg%3D%3D,1309301,214277
Ume,Emerald Park,For Tomorrow (2010 Edition),237,https://prod-1.storage.jamendo.com/?trackid=525911&format=mp32&from=c9OYRX40mcUhU7JGIfkkIw%3D%3D%7CSm8963O%2Bx919sou0j0M0mQ%3D%3D,525911,61436
100 Days,Ilona Akimova / Juice Big City,100 Days Collection,293,https://prod-1.storage.jamendo.com/?trackid=598270&format=mp32&from=n40GwAzuyFHfze8693Igyg%3D%3D%7CD009h1Kn5x8zlgPXC1f%2FcQ%3D%3D,598270,69114
My Favorite Escape,Explosive Ear Candy,My Favorite Escape,164,https://prod-1.storage.jamendo.com/?trackid=1313615&format=mp32&from=Q2eze5DJ7e2fY0fs1Hq8BQ%3D%3D%7CO7C2kMxPDmSX5aMCvlU5KA%3D%3D,1313615,214438
The Commonfield,Emerald Park,For Tomorrow (2010 Edition),301,https://prod-1.storage.jamendo.com/?trackid=525910&format=mp32&from=x6yOIJoZVHLvJ%2FkhuWobvw%3D%3D%7C42oZ5xi1rjN%2FDTFjt0AKrQ%3D%3D,525910,61436
So Hard,JekK,Dear Dreams,218,https://prod-1.storage.jamendo.com/?trackid=1157361&format=mp32&from=96gd%2BD5OlXhG3y0U5%2FsbQg%3D%3D%7Clo16NDlJ4F0Xbf7mj7nudA%3D%3D,1157361,138887
So Called Democracy,Stephane TV,s/t (ep),276,https://prod-1.storage.jamendo.com/?trackid=306165&format=mp32&from=gLBKDwSyhXZ3EhGgkCvqUw%3D%3D%7CpitYdt4TSvN7igeT4wv4OA%3D%3D,306165,41593
Paris La Nuit,A Virtual Friend,Paris La Nuit,258,https://prod-1.storage.jamendo.com/?trackid=1217479&format=mp32&from=Ze6AHSvnRS3JDQ%2BBRnJDnA%3D%3D%7C1d7V7vfmck3B99wO7WlTvQ%3D%3D,1217479,210447
Give U My Name,Jyant,Give U My Name,242,https://prod-1.storage.jamendo.com/?trackid=1305161&format=mp32&from=zp4zT%2BEXEuy8uUGB7YAAmw%3D%3D%7CsAhg04slxrnd1F8fgfCUBQ%3D%3D,1305161,214109
Grand daddy,Victoria Caffè,Busy Days,176,https://prod-1.storage.jamendo.com/?trackid=716980&format=mp32&from=zLQliDFMx7cEs7GsGjyajw%3D%3D%7CWCLfyjHVXgf9Nsd%2FFwm4Gw%3D%3D,716980,83642
Sleeper,Crete Boom,Ne'er do well,151,https://prod-1.storage.jamendo.com/?trackid=206596&format=mp32&from=QIQ1vQEGz3AxT1GYHCCReA%3D%3D%7CoqyXp8GYgw6lmVI20fP39Q%3D%3D,206596,30621
What Do You Know,Explosive Ear Candy,What Do You Know,180,https://prod-1.storage.jamendo.com/?trackid=1325744&format=mp32&from=ChqesaTC%2FLeGR6T2F8DNcQ%3D%3D%7CKO9%2BXz4Xbl7s%2FDZ%2Bg2iBog%3D%3D,1325744,276664
beautiful,Hiroumi,Kokoro No Furyoku,210,https://prod-1.storage.jamendo.com/?trackid=337998&format=mp32&from=bhr7nxjzbXiLR%2Bhed%2BmTwQ%3D%3D%7CGMBGN%2FvGf7qd4mdDsIitWw%3D%3D,337998,44756
I'll Wait,Jonathan Dimmel,The Worst and Best,174,https://prod-1.storage.jamendo.com/?trackid=938331&format=mp32&from=0YXQTyxt5ShHuMrqyhsWFg%3D%3D%7Cm4UyxdKLrfbeZfYunhnNSA%3D%3D,938331,110159
What I Like,Class 99,Apartment Vibe (EP),199,https://prod-1.storage.jamendo.com/?trackid=691944&format=mp32&from=iuoJVtkS8prZr1AyYeYgrA%3D%3D%7CNiRLeeeMt6%2FNJgFB4XbdRw%3D%3D,691944,80636
When Waves Trying to Catch a Marvel,Antony Raijekov,See U,221,https://prod-1.storage.jamendo.com/?trackid=25706&format=mp32&from=VGTOf2zV84U0HA94hcrWYg%3D%3D%7CNYg9jxjj%2FzVElx3COT8Xmg%3D%3D,25706,3529
Oh Laura,Ben K Adams,The Compilation,157,https://prod-1.storage.jamendo.com/?trackid=1098831&format=mp32&from=ozHKoZGQPwUe%2Bl%2F66DbUcg%3D%3D%7CXJUxt030Fifr40AR57TjNw%3D%3D,1098831,131080
I want you (pop rock remix),Lollita,Lollita,204,https://prod-1.storage.jamendo.com/?trackid=1015339&format=mp32&from=3Mar%2Bh35M4hTgVJ4Deq3NA%3D%3D%7CqlGOZ38NkI%2Bmo5oBWSx3oA%3D%3D,1015339,119554
North Hollywood Skyline,Brady Harris,North Hollywood Skyline EP,220,https://prod-1.storage.jamendo.com/?trackid=291174&format=mp32&from=P25u5a4IWufEzngLUqgfkw%3D%3D%7CwMwm%2FCXa%2FR3j9LYgALFnSw%3D%3D,291174,40248
Best I Can (Feat. Habit Blcx),Jasmine Jordan,Time Travel EP,237,https://prod-1.storage.jamendo.com/?trackid=1230404&format=mp32&from=Ol%2Bk5rcdCKenLwUZLOHNGw%3D%3D%7CggYyMzsVCI4Tq9uGxxt1gQ%3D%3D,1230404,147554
Invisible Walls,Revolution Void,Increase the Dosage,420,https://prod-1.storage.jamendo.com/?trackid=15655&format=mp32&from=CPJpHDiRg%2FuKX00lOZuJog%3D%3D%7CuIyTTHmcXy4Qgh%2FFj556ZQ%3D%3D,15655,2225
Who Cares,Sam Brown,37 Reasons,188,https://prod-1.storage.jamendo.com/?trackid=1131119&format=mp32&from=pcfXLZBgw%2BBooNtPEMUfoQ%3D%3D%7CZcwYwxBhtiGomRo52IAbVA%3D%3D,1131119,135603
The Feel,Backnbloom,Music for the Modern Monkey,191,https://prod-1.storage.jamendo.com/?trackid=1071004&format=mp32&from=t7dxIsslE0bYYZQVgi2uLQ%3D%3D%7CpmktwL9LhjbWeIL0EY%2B9HA%3D%3D,1071004,126867
Empty Bed,Lyonn,We'll Light The Sky,218,https://prod-1.storage.jamendo.com/?trackid=1215787&format=mp32&from=ilphvRB%2FCuM59vg%2B1XKfqQ%3D%3D%7CDpqIVHmzfDK8CFX39OkuaQ%3D%3D,1215787,145856
see you again,Rexo,see you again,282,https://prod-1.storage.jamendo.com/?trackid=975249&format=mp32&from=hdN4bUBUxujrWi%2FZLP%2B4BA%3D%3D%7CNP4tWo6btojlzxutmhh53w%3D%3D,975249,114818
I'm So Glad,Robert Avellanet,Heart & Soul,222,https://prod-1.storage.jamendo.com/?trackid=1119658&format=mp32&from=z4r%2F2uLdt2bk4Rj0qTSyBA%3D%3D%7Cbd1ij9jFVK%2Bj6Lx%2BTAX7mg%3D%3D,1119658,133798
18 (I Want You Close to Me),JARA,BASOREXIA [MIXTAPE],210,https://prod-1.storage.jamendo.com/?trackid=1214589&format=mp32&from=bI%2F6b5qvTVpHcrGZVRGJQg%3D%3D%7COJlIWYab8BHUZXR7pTdj1w%3D%3D,1214589,145734
Take it,Manhat10,Take It (EP),189,https://prod-1.storage.jamendo.com/?trackid=1215804&format=mp32&from=w99LxdxpUiXJjr834nRrOg%3D%3D%7C7%2FhFhstNBLTGqvzHdAynOA%3D%3D,1215804,145861
Liberteens,Emerald Park,Liberteens,216,https://prod-1.storage.jamendo.com/?trackid=1215687&format=mp32&from=piRz4wi%2Ftt6xXdTZsV2WMA%3D%3D%7CFavAZJZNUzK3DN97XCyOOg%3D%3D,1215687,145846
Dark Horse,Bella Ruse,Bella Ruse,166,https://prod-1.storage.jamendo.com/?trackid=475357&format=mp32&from=g1bKpLoY7EKr30WggBiy%2BQ%3D%3D%7C33RHl7hNOZJ09FhM0UDH3g%3D%3D,475357,56070
It's Coming Together,Heifervescent,Pondlife Fiasco,198,https://prod-1.storage.jamendo.com/?trackid=287429&format=mp32&from=843TT%2B1A%2B1TGFFcwZSTTaw%3D%3D%7CChthGf9lHD7ORrg4hRfzjQ%3D%3D,287429,39947
look up,This Public Life,The Banquet,204,https://prod-1.storage.jamendo.com/?trackid=875005&format=mp32&from=xF9EaP7UVAukMa6QFdmWZA%3D%3D%7CY4IiOmWBgsQ5kR9TfWg%2FhA%3D%3D,875005,102695
Se Ne Va,Millionaire Blonde,Se Ne Va - Single Edition,202,https://prod-1.storage.jamendo.com/?trackid=369697&format=mp32&from=a3qcnIQnmiFHTA8A7%2BaIkA%3D%3D%7CLEJoyRC%2BnL5%2B2ngVor6wdw%3D%3D,369697,47503
Chinese Drop,Major Major,Major Major,193,https://prod-1.storage.jamendo.com/?trackid=145945&format=mp32&from=y9W14zZT0LrVUeANr8ikzA%3D%3D%7CuSaJEe6LiGYMp%2BYmRWuHdQ%3D%3D,145945,20784
Wonder Doll,Sunwill,Wonder Doll (Single),208,https://prod-1.storage.jamendo.com/?trackid=989370&format=mp32&from=HlLtXH%2FxP2ntynNb82hb5g%3D%3D%7C9l%2FFgE38ORa%2FberdqPbI8g%3D%3D,989370,116403
Chances,The Devil Music Co.,Chances,246,https://prod-1.storage.jamendo.com/?trackid=1586071&format=mp32&from=FgSbjKDKHGwlzvG4y6r27Q%3D%3D%7C%2FHJpSToScDwWCN85trhyyQ%3D%3D,1586071,283878
You Are God,Tryad,Listen,285,https://prod-1.storage.jamendo.com/?trackid=26740&format=mp32&from=oWKU2Re1rA2SwKdtcG96UA%3D%3D%7Cbcjy2qxF5OPL4d61OeL3Lw%3D%3D,26740,3661
The Secret,Anna Craig,Anna Craig,219,https://prod-1.storage.jamendo.com/?trackid=777271&format=mp32&from=ssbWztD7RJaccH98sPUtWw%3D%3D%7CsOTYJEtagY3P90m7W%2FMmGA%3D%3D,777271,91100
La Scelta del Presidente,Millionaire Blonde,La Scelta del Presidente,197,https://prod-1.storage.jamendo.com/?trackid=1027698&format=mp32&from=hra7wL0GYRLRshu3ZNnoyA%3D%3D%7CQ4Tku9h5KgGbBlpAapPFyg%3D%3D,1027698,120852
Adventure,madelyn munsell,Adventures,239,https://prod-1.storage.jamendo.com/?trackid=1174821&format=mp32&from=Wa3wPFFqKU8RQY0xL5cAlw%3D%3D%7C9exOnIWmw1RyRYoDNzLlqw%3D%3D,1174821,141498
Waltz Into the Moonlight,Tryad,Listen,461,https://prod-1.storage.jamendo.com/?trackid=26747&format=mp32&from=oXH7jo3uPDSLg2pDi7In2w%3D%3D%7CqFARj4L6a%2FETWOLiJhcNLA%3D%3D,26747,3661
Say You Love Me,David Krystal,View From The Inside,280,https://prod-1.storage.jamendo.com/?trackid=1083659&format=mp32&from=4AXH68dklyYu2Aa2AAmU7A%3D%3D%7CTOaE8NnbZj2oC9F9iJmSEg%3D%3D,1083659,129078
Roses,JekK,Roses,229,https://prod-1.storage.jamendo.com/?trackid=1353512&format=mp32&from=sLVWcFbZP%2B0EAmnidHmhOg%3D%3D%7CR6plkXyqX27Eqfp%2FIqRISg%3D%3D,1353512,159568
American Dream Man,Leslie Hunt,Your Hair is on Fire,199,https://prod-1.storage.jamendo.com/?trackid=469548&format=mp32&from=u63NikGSdCvoOx04vvyGPQ%3D%3D%7CJWHPW%2Bn0HYXZXZcZtUgxaQ%3D%3D,469548,55594
Games,The Windy City,The Windy City EP,237,https://prod-1.storage.jamendo.com/?trackid=768029&format=mp32&from=5jPHvLxvzmTUFvLOmJiwdw%3D%3D%7C5PAssJJ%2BXvekT%2BJ0bmCteQ%3D%3D,768029,89982
Closer,Jasmine Jordan,Time Travel EP,209,https://prod-1.storage.jamendo.com/?trackid=1230406&format=mp32&from=gSssrTJRf%2BwvF6hWJZh%2B0Q%3D%3D%7CoIbpeVjo%2BS5KYmVUhZn74Q%3D%3D,1230406,147554
Shining Eyes,Lyonn,We'll Light The Sky,217,https://prod-1.storage.jamendo.com/?trackid=1215789&format=mp32&from=ZiuIcE%2B7eQx1mpBhQiXm2A%3D%3D%7CD4z6XBpUD4RNyY8uuZu6%2FA%3D%3D,1215789,145856
Analcolico,Millionaire Blonde,Analcolico - Single Edition,208,https://prod-1.storage.jamendo.com/?trackid=467850&format=mp32&from=AlP2Sh71NfQj5TE5nzOO5Q%3D%3D%7Cma3JuVmJDwhtABUGdwnzhQ%3D%3D,467850,55472
Time Travel (Feat. Blanchard De Wave),Jasmine Jordan,Time Travel EP,206,https://prod-1.storage.jamendo.com/?trackid=1230405&format=mp32&from=z2DT%2FI95WvAQ0AXjpaYr3A%3D%3D%7CK2J0U3w33gqN1RgLYjIH9w%3D%3D,1230405,147554
California Moon,Robert Avellanet,Heart & Soul,235,https://prod-1.storage.jamendo.com/?trackid=1119686&format=mp32&from=DMp1iS%2BLbjihe0UIoJUwRg%3D%3D%7CRvTjfovBkk%2FWZUD6WL87LA%3D%3D,1119686,133798
Upside,Chaz Robinson,Chaz Robinson,204,https://prod-1.storage.jamendo.com/?trackid=1141571&format=mp32&from=pkkA3fvxz84B8pAhWrmQdQ%3D%3D%7ChTVuAPn7NhgiaAWfQ%2Bb5iQ%3D%3D,1141571,136930
Cellule,Silence,L'autre endroit,220,https://prod-1.storage.jamendo.com/?trackid=5339&format=mp32&from=9Ot1Y1kHhhmlv6h1KqjvpQ%3D%3D%7C3qq9MaVevXVXGTsTfp0tYQ%3D%3D,5339,830
Everybody On Your Block,Lilly Wolf,Play Loud,255,https://prod-1.storage.jamendo.com/?trackid=1093615&format=mp32&from=fMlZgNUHM03VadtIAX9Y3w%3D%3D%7CZUPk1MP8W7Pqf9pMj0%2FM1w%3D%3D,1093615,130349
Celebrate,Devinjai,Radiate ep,211,https://prod-1.storage.jamendo.com/?trackid=1233793&format=mp32&from=hUPHtcDp6RNXDpDskvS1EA%3D%3D%7Ct4wxImcJ7ctzwUvYVYnG7g%3D%3D,1233793,147945
Yosemite,Jill Zimmerman,Earthbound,230,https://prod-1.storage.jamendo.com/?trackid=1051197&format=mp32&from=hr%2FATq9EFfvTOKPnoWEs0A%3D%3D%7Cm7tr%2F17xb0hah1a1nEddgw%3D%3D,1051197,123814
Runaways,Elle Lefant,Pulse,192,https://prod-1.storage.jamendo.com/?trackid=550588&format=mp32&from=Pnb8H%2FF5LDmVfbjZiq6lsg%3D%3D%7CGc3SfVJQWX4y6SZcQwszjw%3D%3D,550588,64104
Have I Wasted,Jonathan Dimmel,The Worst and Best,186,https://prod-1.storage.jamendo.com/?trackid=938327&format=mp32&from=dqdtOeLIMdMlFY0rBTKeZA%3D%3D%7Cz6E7d5BbPRZVzSNqduJQ4w%3D%3D,938327,110159
Behind The Walls,Non Camera,Behind the walls,286,https://prod-1.storage.jamendo.com/?trackid=1111313&format=mp32&from=KX9Tbwj1ATpFrPrTifEJsg%3D%3D%7ChmLnnuZSGZfBiTndYVsaWA%3D%3D,1111313,132736
In Tune,Kellee Maize,Owl Time (2013),191,https://prod-1.storage.jamendo.com/?trackid=989871&format=mp32&from=JohiGiMdLLS3QN%2Fje5mp8g%3D%3D%7CGEpnTHJh%2Bll52hdb0GGbWw%3D%3D,989871,116452
secret ocean,Hiroumi,Kokoro No Furyoku,251,https://prod-1.storage.jamendo.com/?trackid=337997&format=mp32&from=2xTc%2FlVim3yVs7y8eCaU7Q%3D%3D%7C%2BjCr0fYL%2BkLQXp%2BA3r%2BjLw%3D%3D,337997,44756
See The Ghosts,Stephane TV,s/t (ep),260,https://prod-1.storage.jamendo.com/?trackid=306166&format=mp32&from=F2Opuo2sLZWU8pNNxMSEZQ%3D%3D%7CzFr4yHaXEy%2B1doDV1Upedg%3D%3D,306166,41593
Thursday Morning Waking,Paul Lisak & After The Ice,It Happens All the Time,199,https://prod-1.storage.jamendo.com/?trackid=157208&format=mp32&from=UiVrbS24jkYH7Es0m8t7Mg%3D%3D%7Cyz2o%2Ffs0IQ0J4WAXXga0Rg%3D%3D,157208,22598
Your Hair Is On Fire,Leslie Hunt,Your Hair is on Fire,243,https://prod-1.storage.jamendo.com/?trackid=469550&format=mp32&from=f6Ebp0ndzACwobjhNzjEGA%3D%3D%7CKcYG7Y4%2FKGdboTSk6zSVwg%3D%3D,469550,55594
The Devil You Know,Lilly Wolf,Play Loud,185,https://prod-1.storage.jamendo.com/?trackid=1093614&format=mp32&from=wJKHlgfVLwlIExNtWAfshg%3D%3D%7CnKIpQahYpYoDZy4u0nT2NQ%3D%3D,1093614,130349
I'll Be There,Chasing Eidolon,Chasing Eidolon,332,https://prod-1.storage.jamendo.com/?trackid=623190&format=mp32&from=%2BESiV9o%2BK20NafiBQxMTZQ%3D%3D%7Cxdte%2Byv78IEVDdiKsM60MQ%3D%3D,623190,72189
Shine Your Light,Robert Avellanet,Heart & Soul,229,https://prod-1.storage.jamendo.com/?trackid=1119660&format=mp32&from=L4x4ZueWAisP8B3L1C4aVw%3D%3D%7Cs%2FQba6FKr%2F6AwEs7%2BUDSdA%3D%3D,1119660,133798
Open,Emerald Park,For Tomorrow (2010 Edition),244,https://prod-1.storage.jamendo.com/?trackid=525916&format=mp32&from=Xza7AfCV8zq6SDdmFVv56Q%3D%3D%7CcXbFUcOlsvNZcRRwND4QbQ%3D%3D,525916,61436
Crash and Burn,JARA,BASOREXIA [MIXTAPE],166,https://prod-1.storage.jamendo.com/?trackid=1214600&format=mp32&from=bFZAIW2YseXHguaPpnRYUw%3D%3D%7Cr1UeeAcZ%2BpXGf6b75lZF%2Fg%3D%3D,1214600,145734
Una Bugia,Millionaire Blonde,Una Bugia - SIngle Edition,183,https://prod-1.storage.jamendo.com/?trackid=644172&format=mp32&from=AtZeYkiu7DXpQadGLjUf2w%3D%3D%7CwAEjnjaDR48BAKUN8lhxtA%3D%3D,644172,74642
Queen for a day,Sunwill,Coming (EP),193,https://prod-1.storage.jamendo.com/?trackid=992661&format=mp32&from=W%2FuGP1YfEnPjhOd0v1UhZQ%3D%3D%7Ccb%2BmmEb9o%2BBXzQrfGSyBCg%3D%3D,992661,116770
Memory Replaced,Josh Woodward,Memory Replaced (Single),259,https://prod-1.storage.jamendo.com/?trackid=1063105&format=mp32&from=3M93x0xSHVJJchWqPRAQjw%3D%3D%7C1b2g1czXRTNHm9A3Lupj%2Bg%3D%3D,1063105,125536
Brand new life,Ralf G. (Ralf Gründer),Brand new life,216,https://prod-1.storage.jamendo.com/?trackid=1022218&format=mp32&from=u1kEn3Jm7r%2BxPs7ASEE1cQ%3D%3D%7CBNsWtHZOAjixgbkunIjWTg%3D%3D,1022218,120204
You've Got It,Jonathan Dimmel,The Worst and Best,327,https://prod-1.storage.jamendo.com/?trackid=938329&format=mp32&from=%2FjdbVVC%2FCt63GlVFygZnxA%3D%3D%7CT1Zcs%2BJ9kmXU7CYY%2BkVchw%3D%3D,938329,110159
Talk To Me,Allie Farris,EP,183,https://prod-1.storage.jamendo.com/?trackid=1308979&format=mp32&from=8A%2FR7gOAX9E0thHjyuo6hw%3D%3D%7CbM5uLHr%2BGqZle69viU5wxw%3D%3D,1308979,155528
Moon & Sun - Salt & Indigo,Moon & Sun,The Wild Things,198,https://prod-1.storage.jamendo.com/?trackid=682351&format=mp32&from=gHxspn9j%2BikpoSgqDnHjRw%3D%3D%7CCqEjJ0NiXgL%2BOYYm1mH3yg%3D%3D,682351,79335
Tonight,Olga Zhilkova,Tonight,226,https://prod-1.storage.jamendo.com/?trackid=724513&format=mp32&from=kUL1arjAomrIO1xIITY2%2FA%3D%3D%7CcjSzuqX5sE%2BXr8dQRGMStA%3D%3D,724513,84637
Far and Away,Tryad,Listen,201,https://prod-1.storage.jamendo.com/?trackid=26748&format=mp32&from=T%2FmCok%2B%2BMBvdnTKMXkDXCw%3D%3D%7C6LVT4NUT7gwyeF5OoipZBA%3D%3D,26748,3661
The Highlights,Sunwill,The Highlights,221,https://prod-1.storage.jamendo.com/?trackid=989175&format=mp32&from=P4d0Vr3%2B0UR3kLIF3rtUfQ%3D%3D%7CpI%2FBtG16kVY4fHF764Eang%3D%3D,989175,116379
Istanbul,Emerald Park,For Tomorrow (2010 Edition),270,https://prod-1.storage.jamendo.com/?trackid=525914&format=mp32&from=XgqDh0MXWwIQ7d1LZweRkw%3D%3D%7C%2FOft9Lhqm8gu04F3%2F5zOOg%3D%3D,525914,61436
The Limit,Robert Avellanet,Heart & Soul,235,https://prod-1.storage.jamendo.com/?trackid=1119655&format=mp32&from=96RIXMYxy2NEwD3gULYcwg%3D%3D%7CIi5ZNaGIIX5jsPP4bOgRyw%3D%3D,1119655,133798
All the Same,Tryad,Listen,326,https://prod-1.storage.jamendo.com/?trackid=26745&format=mp32&from=VRN2VY8rMZl7XMhba8ynBQ%3D%3D%7C8XmlFUOxXbEltoRaDlAnVQ%3D%3D,26745,3661
She Knows,JARA,BASOREXIA [MIXTAPE],194,https://prod-1.storage.jamendo.com/?trackid=1214592&format=mp32&from=UI9sikd4Rt7jZIGuDxas0w%3D%3D%7C6wD%2BgEgHoAXDQOLxStpQMg%3D%3D,1214592,145734
Flying Over The Golden Peaks,Matti Paalanen,Inspirational,148,https://prod-1.storage.jamendo.com/?trackid=1209658&format=mp32&from=oF%2FuUWmBcOpkdIJH3LHwhw%3D%3D%7C%2FmLDKxGQmQAcPdHOLq0zDA%3D%3D,1209658,145266
Reach the Stars,JekK,One Day,160,https://prod-1.storage.jamendo.com/?trackid=1093795&format=mp32&from=QEkPttqB62FSadRoc9rGsA%3D%3D%7C9KS5boDP%2F9nPh%2FCj9ZSRAA%3D%3D,1093795,130370
Boy,The Different,The Different,219,https://prod-1.storage.jamendo.com/?trackid=553676&format=mp32&from=zcScIzQ%2Bn1oBL2D6WtYQzQ%3D%3D%7CCFnwRC%2Bx%2F%2F5vfG9rKAgaIQ%3D%3D,553676,64407
This,Tryad,Listen,293,https://prod-1.storage.jamendo.com/?trackid=26746&format=mp32&from=7xW9hEuEeBo7EvsVfp5WHg%3D%3D%7CftsNvpr02ZlIXBw3QkbeVA%3D%3D,26746,3661
Don't Lose Your Way,Olga Zhilkova,Don't Lose Your Way,206,https://prod-1.storage.jamendo.com/?trackid=1045016&format=mp32&from=fqChojBDoLKf%2FXHLD2mTpw%3D%3D%7C9omlAKcvm4IVHFaRK9vcOQ%3D%3D,1045016,123064
Love Will Break the Walls,Robert Avellanet,Heart & Soul,248,https://prod-1.storage.jamendo.com/?trackid=1119656&format=mp32&from=63qLSY6BOnLbj2XyGbVpxg%3D%3D%7Cmo97crNsV3w23hcuZ%2BGvLQ%3D%3D,1119656,133798
Empty,Tryad,Listen,332,https://prod-1.storage.jamendo.com/?trackid=26743&format=mp32&from=HqGp2exif0TdFH9ASlnATw%3D%3D%7CeHExSIw3InDGcwrt0zZyqA%3D%3D,26743,3661
A Higher Loss,Emerald Park,For Tomorrow (2010 Edition),281,https://prod-1.storage.jamendo.com/?trackid=525912&format=mp32&from=R4mxQPAGadrY2e1phTQV5g%3D%3D%7CjUUDs2LoUsG2%2FQJcnMM7tg%3D%3D,525912,61436
Mesmerize,Tryad,Listen,273,https://prod-1.storage.jamendo.com/?trackid=26744&format=mp32&from=C6baM90xN%2BczEDeSJNKoLw%3D%3D%7CearD%2FGIVsZgu7yuWxy6GtA%3D%3D,26744,3661
Alone Tonight,Leslie Hunt,Your Hair is on Fire,206,https://prod-1.storage.jamendo.com/?trackid=469574&format=mp32&from=RNI32sodyO64zxWbFk6Vwg%3D%3D%7CpkDwdLcaMfEjMWRM0s%2BlEw%3D%3D,469574,55594
Ghost,madelyn munsell,Adventures,274,https://prod-1.storage.jamendo.com/?trackid=1174818&format=mp32&from=19iRTIsO2bXBhtpH%2BTpr6g%3D%3D%7Ciazf%2BV11XwyPF31e7zQvmA%3D%3D,1174818,141498
New day,J Lynn the Bride,Jai Lynn EP,169,https://prod-1.storage.jamendo.com/?trackid=1176021&format=mp32&from=QDEbuL%2FQlZf7iIfgA3%2BY9Q%3D%3D%7CPT%2BllM0hz40ypheaPY%2Bbwg%3D%3D,1176021,141614
Fallen Star,AJC & The Envelope Pushers,Fallen Star,255,https://prod-1.storage.jamendo.com/?trackid=1334054&format=mp32&from=b0TeyuIuBZiuYp17YO623g%3D%3D%7CazdzOJhFJTn%2B7U5KrSU%2Fyg%3D%3D,1334054,157742
Over,July Season,July Season,198,https://prod-1.storage.jamendo.com/?trackid=817249&format=mp32&from=fHuXG5ZqYlL6Rg0buWwM0w%3D%3D%7CFa1QdYAqpnm0l7IwZMNNNw%3D%3D,817249,95481
Our Crappy Little Fairytale,Mike Falzone and the Peppermint Trick,Do It For The Story,237,https://prod-1.storage.jamendo.com/?trackid=482090&format=mp32&from=3iz2QL3WAaC%2F4dKWmrQxxQ%3D%3D%7Cg128zPPcg43R3%2BQMLYWzcg%3D%3D,482090,56815
Beautiful Girl,Babypaul,Moodswings,204,https://prod-1.storage.jamendo.com/?trackid=11216&format=mp32&from=W5SpcIad8i3Oz8YU2A3WbA%3D%3D%7CB6zqLU8jpbVZTxq0Mb9xJA%3D%3D,11216,1664
Drive,HEARTSKIN,Drive,249,https://prod-1.storage.jamendo.com/?trackid=1213626&format=mp32&from=3%2FyycA5QqUgpW6pKUsgHdQ%3D%3D%7C8TNGoHVev6xSFGE6LMMsHQ%3D%3D,1213626,231441
No Words (Director's Cut),WE ARE FM,Season One,338,https://prod-1.storage.jamendo.com/?trackid=887203&format=mp32&from=SBaHTRwzBML8J3Ll7IoJcw%3D%3D%7CEtr1As9PbbjPZut377%2F1hA%3D%3D,887203,104336
Being and Time,Swear and Shake,Extended Play,207,https://prod-1.storage.jamendo.com/?trackid=745865&format=mp32&from=W6gsHRtkIlQkTKhwaeb0Qw%3D%3D%7CipA3bJJ7IxvRoMSvYGT2rA%3D%3D,745865,87162
Young love,J Lynn the Bride,Jai Lynn EP,281,https://prod-1.storage.jamendo.com/?trackid=1176023&format=mp32&from=DyduTu2AHhTGa5aAFQYViw%3D%3D%7C9PtVgbDS6W1DZeBQXOl2RQ%3D%3D,1176023,141614
i LuV iT (feat. Ashley Jana),David Amber,"David Amber and Friends, Vol. 1",217,https://prod-1.storage.jamendo.com/?trackid=1243461&format=mp32&from=CBSCrg4WV0Hz3Ak%2Bdp4ENQ%3D%3D%7Cub%2Bvoc5AEk2P0dWvRFXz8A%3D%3D,1243461,149020
Everywhere I Go,Anna Craig,Anna Craig,225,https://prod-1.storage.jamendo.com/?trackid=777274&format=mp32&from=ZSOCRL%2FxAf0IGzhz5UdZxQ%3D%3D%7CcpnRjHmCMFOSDoLWtL%2BoVg%3D%3D,777274,91100
Fine,Manhat10,Take It (EP),196,https://prod-1.storage.jamendo.com/?trackid=1215807&format=mp32&from=%2FWClivA7HnULRgjCRInaHQ%3D%3D%7C9H2czkGF8bwX8y8yYVsI3w%3D%3D,1215807,145861
In Disguise,Anna Craig,Anna Craig,233,https://prod-1.storage.jamendo.com/?trackid=777275&format=mp32&from=%2BLThg7w3AkhTyWCh0gQStg%3D%3D%7Chz1s3TkW7tGn3mcPcu2f%2BA%3D%3D,777275,91100
Felony,Sam Brown,37 Reasons,195,https://prod-1.storage.jamendo.com/?trackid=1131118&format=mp32&from=BAt%2BmJFUvH%2BoL7jKHW%2BevQ%3D%3D%7CZr2aCWguw1XG4Pfr2l%2BpSQ%3D%3D,1131118,135603
Headphonetic,Revolution Void,Increase the Dosage,396,https://prod-1.storage.jamendo.com/?trackid=15664&format=mp32&from=PCKDDBwEBswpgJrHa7mPRw%3D%3D%7ChVnJzHx9km%2FFaEL4aIKatA%3D%3D,15664,2225
Learn From Me,Jonathan Dimmel,The Worst and Best,273,https://prod-1.storage.jamendo.com/?trackid=938335&format=mp32&from=KbyCcrZdWeoa7%2FuQYb84KQ%3D%3D%7Cujn%2BXj8Hpsr8yvbtGDo6NQ%3D%3D,938335,110159
Without You (C.Rizzo),Mistery,Without You,280,https://prod-1.storage.jamendo.com/?trackid=891663&format=mp32&from=CApEJoBm6FOQNDEHRH9KoQ%3D%3D%7C1OcGyGqzZBHXkR69viCukA%3D%3D,891663,104870
Company,Kyle Cox,To All My Old Friends,199,https://prod-1.storage.jamendo.com/?trackid=559246&format=mp32&from=cAwdzoug5Wpp9UPrp43pAg%3D%3D%7CPDsZjnGXtJy5uLaA7yP%2FTA%3D%3D,559246,64943
Stay,Teresa,Feelings in Trouble,295,https://prod-1.storage.jamendo.com/?trackid=914271&format=mp32&from=um%2Bnd5gAj7Wz8k75d8rsnw%3D%3D%7C1nNHABYNBBq7RVsW5My5Gw%3D%3D,914271,108208
Disaster,Lilly Wolf,Play Loud,269,https://prod-1.storage.jamendo.com/?trackid=1093613&format=mp32&from=CXB41da0g1VdVHvG1Vs0vg%3D%3D%7CcmytqDzXt1eaSwQ6e%2BKV8w%3D%3D,1093613,130349
Heroines,Diablo Swing Orchestra,The Butcher's Ballroom,322,https://prod-1.storage.jamendo.com/?trackid=391010&format=mp32&from=zPxC6gv%2BGd9OcYx4DwGLOw%3D%3D%7CD6rRANsr6QcrRHj0rn6rfw%3D%3D,391010,49216
Crazy As,Julandrew,Sings Your Favorite Songs,191,https://prod-1.storage.jamendo.com/?trackid=174271&format=mp32&from=Fr727Y%2Bqpj0y9KhP9EYP9w%3D%3D%7C3IUQ9ItXDFfb%2B8kyKrGwQg%3D%3D,174271,25804
Built To Last,Fall Walk Run,Throwing It All Away,188,https://prod-1.storage.jamendo.com/?trackid=744747&format=mp32&from=EjuP98P6uvOvmIpfC6Pmyw%3D%3D%7CZTIYMnfqTIRNvimQ%2ByPyGg%3D%3D,744747,87031
OMG...  It's a Pop Song (Radio Edit),Class 99,Apartment Vibe (EP),192,https://prod-1.storage.jamendo.com/?trackid=691948&format=mp32&from=k1nS8NEXGKpkiU%2BTwO6%2BHw%3D%3D%7CP3SE9nqxVdiU6Lc1wjEDeg%3D%3D,691948,80636
My Thoughts,Jonathan Dimmel,The Worst and Best,144,https://prod-1.storage.jamendo.com/?trackid=938330&format=mp32&from=91ViLEyE7Ophg%2FdIAz98Qg%3D%3D%7C0u4EEPYhRrRaqahPS0XJag%3D%3D,938330,110159
You Are You,Fall Walk Run,Throwing It All Away,173,https://prod-1.storage.jamendo.com/?trackid=744750&format=mp32&from=0Zfk8vXrA7806q%2FfVv%2FeYw%3D%3D%7CoUmfUQA8pOUxX7mDafnEKA%3D%3D,744750,87031
Figment,MOPI,Feel it down,232,https://prod-1.storage.jamendo.com/?trackid=389934&format=mp32&from=bMukccOlWVMihcUn%2FqUhSw%3D%3D%7C4A20JXTSh4aMe9Lf%2BWmp6w%3D%3D,389934,49129
City,WE ARE FM,Season One,197,https://prod-1.storage.jamendo.com/?trackid=887211&format=mp32&from=vXyu4C7qLAJGcAXTb0%2FsMQ%3D%3D%7CLJMSwgAzTgkxeAnCfngHlA%3D%3D,887211,104336
Supergirl (C.Rizzo),Mistery,Without You,213,https://prod-1.storage.jamendo.com/?trackid=891667&format=mp32&from=kgAN2Cp4VlZLw2DhhxJvsQ%3D%3D%7CDqmwEC4ah36x%2BO4ftSkecw%3D%3D,891667,104870
Iceberg,Lyonn,We'll Light The Sky,272,https://prod-1.storage.jamendo.com/?trackid=1215790&format=mp32&from=9%2B1Rdls5AD2pXVP3AnSgRQ%3D%3D%7CwcsexhkI6jSwaKB7%2Fsd02A%3D%3D,1215790,145856
The Sting (C.Rizzo),Mistery,Without You,388,https://prod-1.storage.jamendo.com/?trackid=891666&format=mp32&from=%2BlQxkMfbrBILVVlZVznBnQ%3D%3D%7C24z5xF1yb2Dvzsjz1T4syg%3D%3D,891666,104870
Burn Your Love,Sunwill,Coming (EP),185,https://prod-1.storage.jamendo.com/?trackid=992659&format=mp32&from=n1TlLjsrlGlIkeFkmDYRnA%3D%3D%7CLn8zaagyBeooSn27S6Afgw%3D%3D,992659,116770
analog,Hiroumi,Kokoro No Furyoku,277,https://prod-1.storage.jamendo.com/?trackid=338001&format=mp32&from=jPBjUyP65jtIdlcUHquosA%3D%3D%7CrT3kk3GYEyz8ExCSrkcxVw%3D%3D,338001,44756
my_heart,Mistery,South Wind,322,https://prod-1.storage.jamendo.com/?trackid=291378&format=mp32&from=AfpNAm4Q1R1PVzwFDEWA2w%3D%3D%7C5gEm4j4Ttp84eHRto3QRpA%3D%3D,291378,40277
I Miss You,Olga Zhilkova,I Miss You,259,https://prod-1.storage.jamendo.com/?trackid=1112064&format=mp32&from=Tg8oscdKuQ8RVb%2F33EqWJA%3D%3D%7CpL2Sk9juTm5Ydi4H9oVXzg%3D%3D,1112064,132811
Meant to Be,Rob Costlow,Woods of Chaos,268,https://prod-1.storage.jamendo.com/?trackid=5783&format=mp32&from=3JagDRjXGa7hThEVOt2r%2FQ%3D%3D%7CI0UhyXJuGWSyFhPXb%2F%2FHtw%3D%3D,5783,888
Ley de Gravitación Universal,Miss Caffeina,Magnética,211,https://prod-1.storage.jamendo.com/?trackid=489568&format=mp32&from=gt9nPw9zVfjOO2LZItCPvg%3D%3D%7CCzg1O2jVnr3fF3SLSMVhKA%3D%3D,489568,57379
Rational Behaviour,Heifervescent,Hoofed and Dangerous,246,https://prod-1.storage.jamendo.com/?trackid=287509&format=mp32&from=2UCWsx4X5YHyoJXUoDA%2F2g%3D%3D%7CqvY%2FSkEYJdrkKgDlUMuziA%3D%3D,287509,39953
It Could Be You,STEEP,NEW HORIZONS,193,https://prod-1.storage.jamendo.com/?trackid=1162014&format=mp32&from=LTxZQsxdZXrq6%2FSpK3bjkw%3D%3D%7CMsvgjJiuayJOzev0rf1PHA%3D%3D,1162014,139601
Open Your Eyes,Leslie Hunt,Your Hair is on Fire,227,https://prod-1.storage.jamendo.com/?trackid=469599&format=mp32&from=3LtkBFZlafgmLQJdGqMaKw%3D%3D%7CeaJ%2BO7k3Er11OBM0Ym7lcw%3D%3D,469599,55594
Pieces of me,J Lynn the Bride,Jai Lynn EP,191,https://prod-1.storage.jamendo.com/?trackid=1176231&format=mp32&from=l57ikYYw3DWm1SSmSJULMQ%3D%3D%7C%2F8EN1Ug9tl7D1QXKFFfhZA%3D%3D,1176231,141614
You Can't Have Everything,Chasing Eidolon,Chasing Eidolon,227,https://prod-1.storage.jamendo.com/?trackid=623194&format=mp32&from=GyO4jwOX%2FRAxm2EtjR9F2A%3D%3D%7CukSDPhdWf1s49uUXO97Z0w%3D%3D,623194,72189
How Things Change,Jonathan Dimmel,The Worst and Best,246,https://prod-1.storage.jamendo.com/?trackid=938333&format=mp32&from=6HZP2H7xBeLLuIPazXV%2FMA%3D%3D%7CLWcgBxhv%2B8YP2CDYSOgLJw%3D%3D,938333,110159
Day-X,Sunwill,Coming (EP),156,https://prod-1.storage.jamendo.com/?trackid=992660&format=mp32&from=vkjpSr%2BQsrAdXwE8pXABsQ%3D%3D%7CRrFJ0vofCJWrKpAUTAh75g%3D%3D,992660,116770
Everywhere I Go (Airplay Mix),eddie e feat eliza,Gotta hold On,203,https://prod-1.storage.jamendo.com/?trackid=552163&format=mp32&from=hulCcYHZsm%2B%2Btb4tN8GA8g%3D%3D%7CyethUFntU5BAANbsUMD7Tw%3D%3D,552163,64251
Last Song,The Jaygles,Something About Us,251,https://prod-1.storage.jamendo.com/?trackid=1366690&format=mp32&from=nm6wFwas4cpTfIM1sq%2FIxQ%3D%3D%7CKdA%2B%2BPXQWlI%2BUgr4ImguEw%3D%3D,1366690,160824
Give Me a Change,Marco Margna,Marco Margna Music Library 1,202,https://prod-1.storage.jamendo.com/?trackid=1121396&format=mp32&from=Yr6PZHB6hPRJekXrsnKAlg%3D%3D%7CZDrNIO6xtQp4OEg%2BJb%2Fpaw%3D%3D,1121396,134004
Let Them Go,Leslie Hunt,Your Hair is on Fire,160,https://prod-1.storage.jamendo.com/?trackid=469560&format=mp32&from=G6MTkhKu5y5x2badbQkHMA%3D%3D%7CewnLuBlm5Y%2FPxFm8Tz3fBA%3D%3D,469560,55594
Awakening,Anne Davis,"Letters, Prayers, and Journal Entries",223,https://prod-1.storage.jamendo.com/?trackid=1107409&format=mp32&from=vFugHroyC1r9%2FywUidoDfA%3D%3D%7CtaRTjWJZhyqgKc9X6qhVqA%3D%3D,1107409,132249
Always part II,Jonathan Dimmel,Closer at the start,154,https://prod-1.storage.jamendo.com/?trackid=484335&format=mp32&from=KI44KXo5roaC75MWj0P7BQ%3D%3D%7CJYJecphgJBDNOrQczn30Og%3D%3D,484335,57010
Butterfly,Jediah,Flight,255,https://prod-1.storage.jamendo.com/?trackid=121461&format=mp32&from=3Umej3cIPlXkU2EarFUYWg%3D%3D%7CFmJiwXk8WTJe8WKfHQNTAQ%3D%3D,121461,16880
Miss Understanding,Sam Brown,37 Reasons,205,https://prod-1.storage.jamendo.com/?trackid=1131121&format=mp32&from=GUN4ujybyFEzdD80PAUlkQ%3D%3D%7CwlOpglhkY41bsCybB6TvJw%3D%3D,1131121,135603
Freak (C.Rizzo),Mistery,Without You,296,https://prod-1.storage.jamendo.com/?trackid=891671&format=mp32&from=IpU47GHlRJOiaVbochr4Uw%3D%3D%7ChATnGRwL8lM7Tx3bkgQ%2BhA%3D%3D,891671,104870
Lover At Night,Jonathan Dimmel,The Worst and Best,276,https://prod-1.storage.jamendo.com/?trackid=938326&format=mp32&from=3IUtdTJzihflccsR0WSE9w%3D%3D%7C1%2FDDYLLr8Ma5qfSKawpZ0g%3D%3D,938326,110159
Never Do (C.Rizzo),Mistery,Without You,384,https://prod-1.storage.jamendo.com/?trackid=891669&format=mp32&from=TDcNU6pKYyHSBqP9%2FfJNNg%3D%3D%7Co2jZE2qSdfLfgltduo7xHw%3D%3D,891669,104870
Welcome Me Back,Brady Harris,Ukulele Days EP,241,https://prod-1.storage.jamendo.com/?trackid=1381589&format=mp32&from=jIqV2oDx6WCdTfKtFuGkNA%3D%3D%7CauUDW4y8M41AG5DWm9kahA%3D%3D,1381589,162261
Lets Restart,madelyn munsell,Adventures,297,https://prod-1.storage.jamendo.com/?trackid=1174819&format=mp32&from=lUFsttsK1CDz9BGXlmxdUw%3D%3D%7CqQ8qIiOEy5HsbHO%2FkNhWsA%3D%3D,1174819,141498
More Than Just a Little Bit (Without Sound) (MM),Mike Falzone,Detachment Kipper Print,222,https://prod-1.storage.jamendo.com/?trackid=708495&format=mp32&from=RIzFHAd%2FL6RPaKAC28043Q%3D%3D%7C4zPASrsyi7ExnYbZgLukWw%3D%3D,708495,82632
Sexy jouet,Lollita,Lollita,204,https://prod-1.storage.jamendo.com/?trackid=1015359&format=mp32&from=YeLLizRkOwaBPtXCvWb%2BCw%3D%3D%7CI8ggfb35MrcM4b0IHEJ3yg%3D%3D,1015359,119554
To Be Alive,Non Camera,Behind the walls,240,https://prod-1.storage.jamendo.com/?trackid=1111315&format=mp32&from=fHhHh54vm6wDF86tUDG6Pg%3D%3D%7CbSl4%2BasH0kgsuuN33rKn5w%3D%3D,1111315,132736
Always part I,Jonathan Dimmel,Closer at the start,219,https://prod-1.storage.jamendo.com/?trackid=484327&format=mp32&from=TOAZ8MhFfj6Y5SGjEsaiWQ%3D%3D%7C%2FKAkfbHMf5aZmWKppc2nMg%3D%3D,484327,57010
When You Are Gone,Marco Margna,Marco Margna Music Library 1,184,https://prod-1.storage.jamendo.com/?trackid=1121397&format=mp32&from=ZN3KHOTtO7BL%2FnLZ0YsFtA%3D%3D%7CgRmheApSKucBa6R4ST0fOg%3D%3D,1121397,134004
Feeling Light,Jonathan Dimmel,Closer at the start,187,https://prod-1.storage.jamendo.com/?trackid=484328&format=mp32&from=G9jtaXmNf%2FVrlkxTN%2Bdcbw%3D%3D%7CwLoCIVxw2JFon4LVCtmPFA%3D%3D,484328,57010
Leave a Little for the Fallout,Mike Falzone and the Peppermint Trick,Do It For The Story,223,https://prod-1.storage.jamendo.com/?trackid=482091&format=mp32&from=g4xDGQ2aUUCg8CPbvTSBww%3D%3D%7C%2FtUq2EuuZ3p3%2FdWN4jHkWg%3D%3D,482091,56815
I Had it All,The Monster Brothers,Colossus,175,https://prod-1.storage.jamendo.com/?trackid=856136&format=mp32&from=3INu1JWYikQ94UUoQSvMpw%3D%3D%7CGwbHo9FDZRzgliSYfLdMSA%3D%3D,856136,100151
Eight or Nine,Jonathan Dimmel,Closer at the start,272,https://prod-1.storage.jamendo.com/?trackid=484329&format=mp32&from=RwdgTivv8wPXQ3hV52rWpg%3D%3D%7CEOGqFvc%2BS5mQTTsuNchrlQ%3D%3D,484329,57010
All The Way,Leslie Hunt,Your Hair is on Fire,206,https://prod-1.storage.jamendo.com/?trackid=469552&format=mp32&from=26DToJmI18eV2rlNXopAYw%3D%3D%7CL%2FsPzlA9b%2BgiuKlJaVjlzg%3D%3D,469552,55594
He Knows,Hulyoson,What You Seek - The Unplugged EP,170,https://prod-1.storage.jamendo.com/?trackid=1211603&format=mp32&from=3jk2qZyDajpdabUQ036AxA%3D%3D%7CHd%2Fv0jYdFZq0FYrMn%2Fvvkw%3D%3D,1211603,145503
I Was Born For You,Robert Avellanet,Heart & Soul,272,https://prod-1.storage.jamendo.com/?trackid=1119687&format=mp32&from=BtM%2BvfNa57xVUiYDVXzDvg%3D%3D%7CcosQ6dRMIFifNqZJslilxQ%3D%3D,1119687,133798
Time To Forget,The Monster Brothers,Colossus,170,https://prod-1.storage.jamendo.com/?trackid=856142&format=mp32&from=oeKsgPHF1b1wzbU5Tw3R4Q%3D%3D%7C9fVItjR00bPckP0LlCafig%3D%3D,856142,100151
Way Too Much,Leslie Hunt,Your Hair is on Fire,221,https://prod-1.storage.jamendo.com/?trackid=469570&format=mp32&from=Fe%2FdZQCK4m99rJG5xXBeVw%3D%3D%7CziYw8trXFmnrhjtpcIMe2g%3D%3D,469570,55594
Lollita On Flawless,Lollita,Lollita On Flawless,223,https://prod-1.storage.jamendo.com/?trackid=1255497&format=mp32&from=3dIXJEbQFeFcbivudwP59Q%3D%3D%7CsJx4fGOKiM1%2BsXK0FqHf7A%3D%3D,1255497,212224
The Worst And Best,Jonathan Dimmel,The Worst and Best,245,https://prod-1.storage.jamendo.com/?trackid=938334&format=mp32&from=BKUvLGw0uQ1y%2Bj95zFX49w%3D%3D%7CM0K3U3as4EWJqB3Gw%2FKF6w%3D%3D,938334,110159
Don't you go away featuring Dr Llynx,Lollita,Lollita,220,https://prod-1.storage.jamendo.com/?trackid=1015342&format=mp32&from=WF6e1sIrHds8zrqojxA48g%3D%3D%7CeoRXfmrVBcCCNYqVjhtCCg%3D%3D,1015342,119554
Closer at the start,Jonathan Dimmel,Closer at the start,225,https://prod-1.storage.jamendo.com/?trackid=484332&format=mp32&from=8lZLmrZKjFlCNxhsXwzaSA%3D%3D%7C6G25AdwLqeMIsCHNxc%2Fcpg%3D%3D,484332,57010
Thru the Line,The Monster Brothers,Colossus,131,https://prod-1.storage.jamendo.com/?trackid=856137&format=mp32&from=u9mZavtM06YD3w1lVKqZrQ%3D%3D%7CktNnj%2B5ztEadVBW92%2Bu6aQ%3D%3D,856137,100151
Pangea,Professor Kliq,Community Service II,266,https://prod-1.storage.jamendo.com/?trackid=443379&format=mp32&from=2MROm7UwpvcW9RdYzld5wQ%3D%3D%7Cg2%2BRbPcNrzG1j2jC6VmAwA%3D%3D,443379,53465
You're Always With Me,Marco Margna,Marco Margna Music Library 1,163,https://prod-1.storage.jamendo.com/?trackid=1121394&format=mp32&from=7cY1i9wdI0%2BWL47ZcBtWSQ%3D%3D%7Cnc1RpQ5Z58UcJmHIKQgsGw%3D%3D,1121394,134004
Illuminate (feat. Mey),Yavor,Illuminate (feat. Mey),182,https://prod-1.storage.jamendo.com/?trackid=1207877&format=mp32&from=kWyZgSFxAUlctDgv5LIrBw%3D%3D%7CmtMeNy%2F%2FDWTKfNtgY2Ozng%3D%3D,1207877,210002
Show me,Liz Turner,Ciao Bambino EP,215,https://prod-1.storage.jamendo.com/?trackid=1231949&format=mp32&from=FBt%2FMG2TR7sOW9o77bI70A%3D%3D%7CSCIEzKOMfp7Omo%2F6ndb8MQ%3D%3D,1231949,147737
I_,Leslie Hunt,Your Hair is on Fire,286,https://prod-1.storage.jamendo.com/?trackid=469576&format=mp32&from=B%2Fc3%2FZ9%2BrPkU32fqSrgQMA%3D%3D%7CAA2DIQdv8OFH6XuB97KVaQ%3D%3D,469576,55594
Pasadena,Emerald Park,For Tomorrow (2010 Edition),262,https://prod-1.storage.jamendo.com/?trackid=525917&format=mp32&from=e%2BP9VghFZ8Y8h28YLWrRSA%3D%3D%7C6jMw%2F1rGWJl5eWFYX%2BoTFg%3D%3D,525917,61436
When I Have You,Robert Avellanet,Heart & Soul,226,https://prod-1.storage.jamendo.com/?trackid=1119657&format=mp32&from=R0BfS2P1%2FUQOJKFJabRtyw%3D%3D%7CSr0KIvrC0lhnvZGyUnEpgA%3D%3D,1119657,133798
Tunnel Vision,Jill Zimmerman,Earthbound,201,https://prod-1.storage.jamendo.com/?trackid=1051198&format=mp32&from=%2B%2B1eyYOdCxSihi17Z7NWlw%3D%3D%7C4HFeMF0ynriXsEEq1a9YwQ%3D%3D,1051198,123814
Remembering Ten,Jonathan Dimmel,Closer at the start,310,https://prod-1.storage.jamendo.com/?trackid=484333&format=mp32&from=bZocMu%2Bf9uSi9k8rjMCsXg%3D%3D%7COx0w%2BL2p7%2Fb4hOsveSY%2FFg%3D%3D,484333,57010
This Ain't Love,Jyant,Love Overdose,220,https://prod-1.storage.jamendo.com/?trackid=1307225&format=mp32&from=DKLZ4e%2F0aU077Q%2BIcPLnKw%3D%3D%7CEFTVHpg%2B4SjgjZyzoDgPJg%3D%3D,1307225,155382
Sunset,Chasing Eidolon,Chasing Eidolon,225,https://prod-1.storage.jamendo.com/?trackid=623193&format=mp32&from=LNMnaF9j0u3RKS8ysN0XrQ%3D%3D%7CNtrPGIKoL54VYWWSQHE7PQ%3D%3D,623193,72189
The Walk,JARA,BASOREXIA [MIXTAPE],187,https://prod-1.storage.jamendo.com/?trackid=1214598&format=mp32&from=BYS39UPlO7GvHZbbF0yimw%3D%3D%7Cjno4tGfzsbp5nK37S7uTHQ%3D%3D,1214598,145734
I'm Getting Better,Jonathan Dimmel,The Worst and Best,244,https://prod-1.storage.jamendo.com/?trackid=938328&format=mp32&from=4Zf0tLSDySkrLB4s9fWO4Q%3D%3D%7CxzbauJXI%2Ftw2iwhYG36qFw%3D%3D,938328,110159
Johnnie,Swear and Shake,Extended Play,165,https://prod-1.storage.jamendo.com/?trackid=745869&format=mp32&from=qsEKHF%2FWWD2j4dgUSXkTUw%3D%3D%7C1NBzqp%2FO%2Br5Ikenib7PhKQ%3D%3D,745869,87162
Slip Away,Backnbloom,Music for the Modern Monkey,228,https://prod-1.storage.jamendo.com/?trackid=1071006&format=mp32&from=BEtEhgZ9kj0NJNSQ9k%2BBNg%3D%3D%7Cv0gUjQcZBhsQqNIsjq6sbw%3D%3D,1071006,126867
Demon,Marco Margna,Marco Margna Music Library 1,207,https://prod-1.storage.jamendo.com/?trackid=1121395&format=mp32&from=ObHE0wTohScCVo7IGban8Q%3D%3D%7CpMR2o3dx5Iek2wKeQh9epg%3D%3D,1121395,134004
Let Me Go,STEEP,Your Reality,129,https://prod-1.storage.jamendo.com/?trackid=43886&format=mp32&from=Q6TxtgI7D11sIgQwqIgcfQ%3D%3D%7C6N3cN4AIjwG4rIsQQS5b3w%3D%3D,43886,5283
Promises,Jonathan Dimmel,Closer at the start,333,https://prod-1.storage.jamendo.com/?trackid=484334&format=mp32&from=pRLM6292pvn1QmSJH6QfoQ%3D%3D%7CB%2FGau04h0DAnLtMBPoGXWw%3D%3D,484334,57010
Back Chat - Jesta,Jesta,Back Chat - Single,232,https://prod-1.storage.jamendo.com/?trackid=626918&format=mp32&from=z3eKwe6a2NnKrKvGQQIwTg%3D%3D%7C0aAtuA2vnSTnRFCfctn%2Bxg%3D%3D,626918,72578
A Better Place,Deanmoore,Caught in the Moment,138,https://prod-1.storage.jamendo.com/?trackid=763476&format=mp32&from=lXsGVdPCDw15kWyNx0Nq2A%3D%3D%7C3IYh4VurYSdlVwTc3NXtqw%3D%3D,763476,89391
The One and Only,Robert Avellanet,Heart & Soul,239,https://prod-1.storage.jamendo.com/?trackid=1119659&format=mp32&from=y1a2VYiCuBcj2bQQJYC%2F2Q%3D%3D%7CpMbu054HkxsRf%2BoTmxfJrw%3D%3D,1119659,133798
Legends,Galdson,Roots,171,https://prod-1.storage.jamendo.com/?trackid=14024&format=mp32&from=fxptPnQs2FYLsjPUSLH7VA%3D%3D%7CuUq%2FD8vBbwejeoEZURiF7g%3D%3D,14024,2007
The Saymory - The Mirror Of You(Dr.Synthetique mix) wav,the saymory,The Mirror Of You,198,https://prod-1.storage.jamendo.com/?trackid=380962&format=mp32&from=qsQj49ghwZb5CCWYart41Q%3D%3D%7Cj1mOqgRrMR3fZ8UFXlIPMg%3D%3D,380962,48368
Lies,Jonathan Dimmel,The Worst and Best,234,https://prod-1.storage.jamendo.com/?trackid=938332&format=mp32&from=EaYOAaXzcjMSilxl5UlRGA%3D%3D%7C3g3KAvvcNXDp2PqzMEGcEg%3D%3D,938332,110159
Heavy Hopes,The Ease Down,Shapeshifter,207,https://prod-1.storage.jamendo.com/?trackid=35574&format=mp32&from=uP%2Fab5ofOLSp5JWrxlhqSw%3D%3D%7CldFGwrCMWSmFVPAd2G%2FmVw%3D%3D,35574,4336
Blancoz - La solita storia pt.2,Blancoz,Vecchi Pezzi Mixtape,953,https://prod-1.storage.jamendo.com/?trackid=1539824&format=mp32&from=elmIxnds7sswoXxlzQHUGg%3D%3D%7CMcpWDUf7U%2FVHR33pj26kNg%3D%3D,1539824,176194
Waves,studyBreak,Say Goodbye Now,252,https://prod-1.storage.jamendo.com/?trackid=1234661&format=mp32&from=fSPzvH1WV3MEFysTjVrwKA%3D%3D%7CoC2tSNNYLROIa6h%2FGNu5bw%3D%3D,1234661,148029
Nebulous Notions,Revolution Void,Increase the Dosage,417,https://prod-1.storage.jamendo.com/?trackid=15665&format=mp32&from=Ep1LVcHN20ACSPLvmbiPqg%3D%3D%7Cg6Z9wiqlSmQO8V6WbqH5Vg%3D%3D,15665,2225
Star Fall,Sunwill,Star Fall (Single),184,https://prod-1.storage.jamendo.com/?trackid=1086545&format=mp32&from=6HUM08BuITJKm8jSBJc%2FDw%3D%3D%7C1e5NSq1fgsavx%2BosHiHTtw%3D%3D,1086545,129505
Dos Diamantes,Javier Jerez,En un mundo que no consigo arañar,231,https://prod-1.storage.jamendo.com/?trackid=1071847&format=mp32&from=xcgtTWA8%2BDSCMHobINWolA%3D%3D%7Ci%2BtwTSi1JNsnHk8S8p1KMQ%3D%3D,1071847,127169
Get Lost,Anne Davis,"Letters, Prayers, and Journal Entries",222,https://prod-1.storage.jamendo.com/?trackid=1107413&format=mp32&from=LNKroxgygUNYpqhPhMpudA%3D%3D%7CSONV3YG1nNQ0syefHmi5ww%3D%3D,1107413,132249
To Die For,JARA,BASOREXIA [MIXTAPE],158,https://prod-1.storage.jamendo.com/?trackid=1214597&format=mp32&from=%2B5uGxUsu5tzEJjZimqjblg%3D%3D%7CzoCc1FojHvxsnmliEWLl3A%3D%3D,1214597,145734
lemmings in love,pornophonique,8-bit lagerfeuer,312,https://prod-1.storage.jamendo.com/?trackid=81742&format=mp32&from=6ZYowt9PNdTygSP70rJLOg%3D%3D%7CdxoXUUWYksypUa5Tf5T%2BJg%3D%3D,81742,7505
Poetic Pitbull Revolutions,Diablo Swing Orchestra,The Butcher's Ballroom,291,https://prod-1.storage.jamendo.com/?trackid=391014&format=mp32&from=c6hJQdkJeHRQqUqgverzoQ%3D%3D%7CI7g9Pi1LKDUotv6pLNLWNg%3D%3D,391014,49216
Heart and Soul,Robert Avellanet,Heart & Soul,265,https://prod-1.storage.jamendo.com/?trackid=1119677&format=mp32&from=ceY9khgmMXLOMbeJpiTpcg%3D%3D%7Chja7paZed3%2BmciJ51ZpEow%3D%3D,1119677,133798
"Oh, Conspiracy",Flat People,Flat People,218,https://prod-1.storage.jamendo.com/?trackid=645960&format=mp32&from=IriEQE4u0b4C0deMR%2FHfIQ%3D%3D%7CBHeeN28szu9W0Rq5aLBAmw%3D%3D,645960,74857
Hold Me Tonight,JARA,BASOREXIA [MIXTAPE],184,https://prod-1.storage.jamendo.com/?trackid=1214596&format=mp32&from=j1ebNeohkOZu22zPevtIjA%3D%3D%7C8pMTiPq3T%2FyPqxqI5KzINw%3D%3D,1214596,145734
Temple Of Contradictions,Anne Davis,"Letters, Prayers, and Journal Entries",242,https://prod-1.storage.jamendo.com/?trackid=1107411&format=mp32&from=uSkWdw4uzl%2F8QXehqln%2Brw%3D%3D%7CIf8UQBRU0Ei5fKRxej8OFg%3D%3D,1107411,132249
Wild Hearts (feat. Ashley Jana),David Amber,"David Amber and Friends, Vol. 1",257,https://prod-1.storage.jamendo.com/?trackid=1243464&format=mp32&from=IaxmQi1XK3mVW%2BomdI%2BGUQ%3D%3D%7CdaSFha8D0teSQlUM%2F31YmA%3D%3D,1243464,149020
I Only Care About You When You're Gone,Leslie Hunt,Your Hair is on Fire,207,https://prod-1.storage.jamendo.com/?trackid=469573&format=mp32&from=ReoFsIHRSNlsNxi3DCs%2BSA%3D%3D%7CMDQnNhWlReRHnUqm4bfx0Q%3D%3D,469573,55594
"Second Time Around (feat. Ashley Jana, Raymond Lee, and Ryan Notes)",David Amber,"David Amber and Friends, Vol. 1",214,https://prod-1.storage.jamendo.com/?trackid=1243465&format=mp32&from=lOPzwKuE2DjyddQIRbQT0w%3D%3D%7CyiWjs1Ep3f0HcfPcYhEddw%3D%3D,1243465,149020
I Cleaned Up,JARA,BASOREXIA [MIXTAPE],208,https://prod-1.storage.jamendo.com/?trackid=1214590&format=mp32&from=8gXPkmLG4Aby4R4RAcMl0A%3D%3D%7CqwZOuE171GKlV9%2FR1d7JJA%3D%3D,1214590,145734
Down Day,Leslie Hunt,Your Hair is on Fire,290,https://prod-1.storage.jamendo.com/?trackid=469577&format=mp32&from=uNxuqvHQUS17nCHbbdrTfw%3D%3D%7Csf56BQWI5RL0ZbB2eGNcEQ%3D%3D,469577,55594
I want you,Lollita,Lollita,203,https://prod-1.storage.jamendo.com/?trackid=1015364&format=mp32&from=vPOrSDVh38kk%2F7tvov6OYg%3D%3D%7CrJRoShD%2B12JyP7ePG3yZBg%3D%3D,1015364,119554
Oh baby (featuring Blunty),Lollita,Lollita,220,https://prod-1.storage.jamendo.com/?trackid=1015363&format=mp32&from=osIdqWgXYIMlCu0nrdTA1g%3D%3D%7CrkGwfyPO9RxVBr1wxD2vBA%3D%3D,1015363,119554
Follow me,Silence,L'autre endroit,239,https://prod-1.storage.jamendo.com/?trackid=5347&format=mp32&from=QDlTyP3dWQUTU%2FVg6Ln8vw%3D%3D%7COy1sFdPmT1O1Xm44qJrz5Q%3D%3D,5347,830
Here to Stay (feat. Amanda Droste),David Amber,"David Amber and Friends, Vol. 2",205,https://prod-1.storage.jamendo.com/?trackid=1295442&format=mp32&from=FkJ37BoOyhjtFpzmz45sYA%3D%3D%7C72aW7kqbwNnNFFRogRbpDA%3D%3D,1295442,154229
Basorexia,JARA,BASOREXIA [MIXTAPE],180,https://prod-1.storage.jamendo.com/?trackid=1214593&format=mp32&from=rh1F7DFwLTrrNgk5jaZVrg%3D%3D%7CZN%2FQBvnBnNazwE5C7GEOSA%3D%3D,1214593,145734
Yes or No,studyBreak,Say Goodbye Now,220,https://prod-1.storage.jamendo.com/?trackid=1234660&format=mp32&from=eGV8LlTM3PU%2B3TGIy%2FiMtQ%3D%3D%7COIYzfBYdXSVofV6D0MItBA%3D%3D,1234660,148029
Burnin Star,StrangeZero,Rapidly Unexpected (EP),376,https://prod-1.storage.jamendo.com/?trackid=1378740&format=mp32&from=hUo%2FC1iziKWWqPr5aqJzVg%3D%3D%7Cuqnkz5r2BdN9vRPq1itG%2Fw%3D%3D,1378740,161989
Surely Dont,JARA,BASOREXIA [MIXTAPE],134,https://prod-1.storage.jamendo.com/?trackid=1214599&format=mp32&from=SzOOJ47GW0MnDiLmFcQLTA%3D%3D%7Cej4sO9HFZLrzH7BTUHf31A%3D%3D,1214599,145734
Thats How You Like It,JARA,BASOREXIA [MIXTAPE],242,https://prod-1.storage.jamendo.com/?trackid=1214595&format=mp32&from=eXu7DtFXoLGclVBE3TInHg%3D%3D%7CiB89Gf01fWBsvxRbO0jv3Q%3D%3D,1214595,145734
Leather Jacket,JARA,BASOREXIA [MIXTAPE],198,https://prod-1.storage.jamendo.com/?trackid=1214594&format=mp32&from=b5navyDe1kykvWPGCd%2B%2FMA%3D%3D%7C2%2FT3W2MX7FO6T9BU2K%2BDDg%3D%3D,1214594,145734
Stop!,Silence,L'autre endroit,248,https://prod-1.storage.jamendo.com/?trackid=5341&format=mp32&from=TPqWpbOZMz3Li1QZKSyOUw%3D%3D%7CUp88DTeyIt3hk6wc6LA6uQ%3D%3D,5341,830
Effacé,Silence,L'autre endroit,363,https://prod-1.storage.jamendo.com/?trackid=5343&format=mp32&from=OrXN%2FNOMKu0ri7VLU4eLVA%3D%3D%7CXMm%2Bs5kzR%2FmM3whBIdQ2nA%3D%3D,5343,830
Mi soledad,Lubok,Momentos para la diversión,221,https://prod-1.storage.jamendo.com/?trackid=897781&format=mp32&from=LgbnKjRreApnODeOlMRpZw%3D%3D%7CqQZkcCbHqspa5Zy4uH5UUg%3D%3D,897781,105634
PISSED OFF,NYCO,TWO,271,https://prod-1.storage.jamendo.com/?trackid=150411&format=mp32&from=qYvrev3tFVaT3xz5vBY6wA%3D%3D%7CA5%2FAEo%2BDB%2BAYjsKDQvhEKA%3D%3D,150411,21530
Making Me Nervous,Brad Sucks,I Don't Know What I'm Doing,159,https://prod-1.storage.jamendo.com/?trackid=30058&format=mp32&from=%2BnAY%2BxtsjFtwLg6lR1eOnA%3D%3D%7CerXzyqY3ytMEkIkWwTg4cA%3D%3D,30058,3798
Choices,studyBreak,Say Goodbye Now,204,https://prod-1.storage.jamendo.com/?trackid=1234662&format=mp32&from=cLROtB8QxRL%2FnaVbdXp3Jw%3D%3D%7CekS8Q1BlGrNAbREa5I95UQ%3D%3D,1234662,148029
Larmes,Silence,L'autre endroit,202,https://prod-1.storage.jamendo.com/?trackid=5346&format=mp32&from=7qG9c4%2FY%2FXgAsTgG4YnMPQ%3D%3D%7Cfou%2BPojdMoi0IhXkDQdLTA%3D%3D,5346,830
From Here,Danielle Helena,Like Sunrise,298,https://prod-1.storage.jamendo.com/?trackid=1358662&format=mp32&from=paRG%2F8hc8%2BlufvCRZSE7hA%3D%3D%7CURugoBHxibMh0LEUxJpupQ%3D%3D,1358662,158365
Love of My Life,Ben Lvcas,Love of My Life,161,https://prod-1.storage.jamendo.com/?trackid=1876086&format=mp32&from=bBIjQvcSOhFBc8xac80wjw%3D%3D%7CL72AtlCrRGtVvgEfwczPAg%3D%3D,1876086,450676
Cali,Barefoot McCoy,Bye Bye Bluebird,295,https://prod-1.storage.jamendo.com/?trackid=1428765&format=mp32&from=RDbe7KWa0erD2CxMCQ%2Fy%2FQ%3D%3D%7CuTZVBDSv2EmzclCA2YUH%2Fg%3D%3D,1428765,166521
Particule,Silence,L'autre endroit,268,https://prod-1.storage.jamendo.com/?trackid=5345&format=mp32&from=bwpLM27j%2Fqq2MDx7nSKg9A%3D%3D%7CjqAWAgnVWKdyPbmAQqpFGw%3D%3D,5345,830
Deeper For You,Melanie Ungar,What Is Love,229,https://prod-1.storage.jamendo.com/?trackid=1204670&format=mp32&from=xxFGmsP3oHo7gMMWmG20NA%3D%3D%7CXGEVSi3d1bDhq%2FQ%2FgWCJIQ%3D%3D,1204670,144705
OUT OF MY HEAD,NYCO,REALIZE PPO,258,https://prod-1.storage.jamendo.com/?trackid=150486&format=mp32&from=I732dO6upiRNxQ%2BOrGbYdg%3D%3D%7CTMOR9cVg7D%2Bhn9UoLERs1w%3D%3D,150486,21541
Mr.&Mrs Rains,Intoxicated Piano,Vice Versa,205,https://prod-1.storage.jamendo.com/?trackid=1070219&format=mp32&from=NxNALgHzJq2UyrppOeBZpw%3D%3D%7ClZi5lW1UyPFaptOUMGCgrA%3D%3D,1070219,126608
World War III Rocketeer,The Very Sexuals,Post-Apocalyptic Love,158,https://prod-1.storage.jamendo.com/?trackid=304926&format=mp32&from=%2FtoRR9uVp32Lj9Hv5gmxCg%3D%3D%7Co%2BLhs3NGBKpqLDLSeUcWbQ%3D%3D,304926,41474
Aquanue,Malika Rai,Seduction Time,186,https://prod-1.storage.jamendo.com/?trackid=644670&format=mp32&from=1YEL4Y%2B4ECZZC2Qm9AzzHw%3D%3D%7CQ%2BgP0HdhAdOAn5tuLUJjdw%3D%3D,644670,74688
Won't Give Up,This is lizzard,Won't Give Up,204,https://prod-1.storage.jamendo.com/?trackid=766322&format=mp32&from=2if0RhKMuZFd%2B6fnh0lPyA%3D%3D%7CkdGqJx33EzZdwAkLX5woCQ%3D%3D,766322,89753
PerfectFit,Malika Rai,Seduction Time,233,https://prod-1.storage.jamendo.com/?trackid=644676&format=mp32&from=KJg7DL65MZkKe7wz2xiSow%3D%3D%7CSo7GyY6O%2BT4UcZ4JRoWB3Q%3D%3D,644676,74688
Calling You,Sam Garbett,Calling You,364,https://prod-1.storage.jamendo.com/?trackid=1309302&format=mp32&from=PThf5QLM%2FKRLey6aWgOvvw%3D%3D%7CgUefah1XN%2FD89CPOrU7Z%2BQ%3D%3D,1309302,233636
The Soundtrack Of Our Summer,The League,The Soundtrack Of Your Summer,143,https://prod-1.storage.jamendo.com/?trackid=319978&format=mp32&from=JzkXVsWxs11084CkrVk%2FVw%3D%3D%7CLgmOj6Hmdu%2Bokk2dAyJx3A%3D%3D,319978,43184
All The Things She Said,MoOt,Life Is Talkin' Misery,164,https://prod-1.storage.jamendo.com/?trackid=698482&format=mp32&from=GgujjV40Culo2frISJmZKw%3D%3D%7CS%2BAmashNrsvFGcGNpDWqug%3D%3D,698482,81443
Rag Doll Physics,Diablo Swing Orchestra,The Butcher's Ballroom,233,https://prod-1.storage.jamendo.com/?trackid=391005&format=mp32&from=hAJ1ktK3IGMaKO4agTIX6A%3D%3D%7CH2edGzD53aEKz4dBKZBVaQ%3D%3D,391005,49216
Vernissage - Parole Leben,Vernissage,Irgendwann,256,https://prod-1.storage.jamendo.com/?trackid=941895&format=mp32&from=5ro67ghjTdNQrItB2K9q7Q%3D%3D%7CuftD0o4t1vRlpfw%2BVDqCcA%3D%3D,941895,110651
Just to be OK,NODREAMS,Animal Soul,201,https://prod-1.storage.jamendo.com/?trackid=802591&format=mp32&from=sZ5DCzdrVf4RQHoPCWPmQQ%3D%3D%7C%2BLZQPvD6Z05udYmRPRVSGg%3D%3D,802591,93936
SURRENDER,NYCO,TWO,238,https://prod-1.storage.jamendo.com/?trackid=150378&format=mp32&from=CAEeotYA7K75pk3VGN%2F9ig%3D%3D%7CD6UiVm7Pr5hRgYlMbxHOMQ%3D%3D,150378,21530
The Soft and Rising Dawn,Paul Lisak & After The Ice,Commence,256,https://prod-1.storage.jamendo.com/?trackid=744852&format=mp32&from=CB9Der53P743BDZ8tJQcnQ%3D%3D%7CCd2VXqNYXu6S4tfh%2F421gA%3D%3D,744852,87081
Unfortunate lovestory,The Nuri,Masquerade,192,https://prod-1.storage.jamendo.com/?trackid=421660&format=mp32&from=7K2AQ6gAxYunoAH7c4GPcQ%3D%3D%7CBGP2VTUDz3xaE%2FpWy6HxOQ%3D%3D,421660,51693
Gunpowder Chant,Diablo Swing Orchestra,The Butcher's Ballroom,110,https://prod-1.storage.jamendo.com/?trackid=391013&format=mp32&from=uFKcCm0N2X04pY4CM6nN5g%3D%3D%7CYtASq3TVOy7JQKsENZplOw%3D%3D,391013,49216
D'angelo,Diablo Swing Orchestra,The Butcher's Ballroom,114,https://prod-1.storage.jamendo.com/?trackid=391003&format=mp32&from=z1iw0BJBnEMUnTtvXNquvw%3D%3D%7CAmR4xE7xpsN05wl1MXdFng%3D%3D,391003,49216
C'est La Vie,NaTtA,C`est La Vie,191,https://prod-1.storage.jamendo.com/?trackid=1110279&format=mp32&from=%2FC8J%2BnT16%2B86Frx569dV8Q%3D%3D%7Cki%2BM1Zn8Lf6fWGTyoSR4QQ%3D%3D,1110279,132671
Wedding March for a Bullet,Diablo Swing Orchestra,The Butcher's Ballroom,193,https://prod-1.storage.jamendo.com/?trackid=391006&format=mp32&from=UccRGCfFnSMCZHuY%2BQwclA%3D%3D%7CvbcUkYKh7CjlZdnS95FCRQ%3D%3D,391006,49216
Sale,Silence,L'autre endroit,139,https://prod-1.storage.jamendo.com/?trackid=5344&format=mp32&from=3u1gthaHEeQbCVfaDT0T2A%3D%3D%7CIVmKCBcGNrw1Fe2gO1kIGg%3D%3D,5344,830
OFFICE DAYS,NYCO,REALIZE PPO,294,https://prod-1.storage.jamendo.com/?trackid=150483&format=mp32&from=vEnTIQ2GSpAI873ITem9DA%3D%3D%7CvHFWPk0y0YLfmxfs3kbJJA%3D%3D,150483,21541
LET ME IN,NYCO,TWO,238,https://prod-1.storage.jamendo.com/?trackid=150380&format=mp32&from=knfrnZWQRsU69ZZl2krwhQ%3D%3D%7CuWHOs7k88sLLClUQP0ey3A%3D%3D,150380,21530
Expérience,Silence,L'autre endroit,84,https://prod-1.storage.jamendo.com/?trackid=5342&format=mp32&from=HZUDp5wXAR5%2BgiYFmgS2AQ%3D%3D%7CCf3gMnzqYYXIrr4QDqdWag%3D%3D,5342,830
the state i'm in,Blakeley Walker Band,The state I'm in,257,https://prod-1.storage.jamendo.com/?trackid=860387&format=mp32&from=FXqLjM6khhhXwGd7AXPE4Q%3D%3D%7CKNFPkRxczEbI517mJPviWA%3D%3D,860387,100720
Infralove,Diablo Swing Orchestra,The Butcher's Ballroom,294,https://prod-1.storage.jamendo.com/?trackid=391004&format=mp32&from=ZmoTiz7%2FSTXR9DQRc0IdLg%3D%3D%7CjFWbHf7DxQonb4xalQGrRw%3D%3D,391004,49216
As We Were,Jediah,Flight,292,https://prod-1.storage.jamendo.com/?trackid=121463&format=mp32&from=%2BB%2BR4RlgCbZdxAIG5eBfew%3D%3D%7CoFf5sCunzmroLuAGJbYrhA%3D%3D,121463,16880
Perfect combination,NODREAMS,Animal Soul,208,https://prod-1.storage.jamendo.com/?trackid=802581&format=mp32&from=kyaEuJ84V8AzNnP0fOaKmQ%3D%3D%7CQLG4YCg%2BS1fyH7ikvB6M8w%3D%3D,802581,93936
"Madly, Deeply",Melanie Ungar,What Is Love,250,https://prod-1.storage.jamendo.com/?trackid=1204663&format=mp32&from=SoLbzgh23N3dSFORL3mJcw%3D%3D%7CxP9NfOfn3MD4HP8521UQcg%3D%3D,1204663,144705
Velvet Embracer,Diablo Swing Orchestra,The Butcher's Ballroom,245,https://prod-1.storage.jamendo.com/?trackid=391007&format=mp32&from=h%2F1es9NRGGKknNQ6noJp8w%3D%3D%7C3xBIh91elebJ750e6KHZig%3D%3D,391007,49216
Born Free,Pokki DJ,Born Free,212,https://prod-1.storage.jamendo.com/?trackid=1179546&format=mp32&from=9inWUd2l5T4k6gQvYWuGpA%3D%3D%7CuGKluywQZ7dnwpgwiRzupQ%3D%3D,1179546,208571
Show Me What You Got,14ice_music,Show Me What You Got,218,https://prod-1.storage.jamendo.com/?trackid=951448&format=mp32&from=PM8BeuH4syauBDbRqVljWw%3D%3D%7C0A425Qc%2FdGYrI2mHhP3Wgg%3D%3D,951448,111863
Our Whole World Circling (Loveshadow Mix),Emily Richards,Honey Valentine,292,https://prod-1.storage.jamendo.com/?trackid=1518850&format=mp32&from=F5cetUFLnULzqeo4na8v%2Fw%3D%3D%7CgnBM%2Foo0PFSchqTxvjUkdw%3D%3D,1518850,174552
DreamOn,Malika Rai,Seduction Time,215,https://prod-1.storage.jamendo.com/?trackid=644672&format=mp32&from=W73pNpP0bB3d3qYEiFUbkQ%3D%3D%7CvidfFPaLbh66MyFE2l5tiQ%3D%3D,644672,74688
Endorphin,The Easton Ellises,EP: One,241,https://prod-1.storage.jamendo.com/?trackid=802677&format=mp32&from=ITWiLUXYw871FEYT%2B25Wuw%3D%3D%7CfcquFqWVqheLyJCztmkREQ%3D%3D,802677,93955
Carla,The Very Sexuals,Post-Apocalyptic Love,201,https://prod-1.storage.jamendo.com/?trackid=304927&format=mp32&from=ODwO7gJV5l6tI%2FOws1Re8A%3D%3D%7CngoyznN5EF2Qu2q2TSgdqQ%3D%3D,304927,41474
Mi razón de ser / de La Banda MS / Con Proyecto G,Proyecto G,Grupo Proyecto G / Grabación de Ensayo / Fecha 26-02-2015,189,https://prod-1.storage.jamendo.com/?trackid=1206096&format=mp32&from=6%2BCZUguFmRlR%2FGtYQSUYZw%3D%3D%7CNQ8tnMR2gjRF%2FKJBKXfgdA%3D%3D,1206096,144887
To the Death,Andre Rodriguez,Somewhere New (sample),271,https://prod-1.storage.jamendo.com/?trackid=740100&format=mp32&from=UJNeFqzvuGkIHhMDENsTfQ%3D%3D%7CJ2mJSSz71qoIh7ZndJUPhA%3D%3D,740100,86477
Famous (MM),Mike Falzone,Detachment Kipper Print,174,https://prod-1.storage.jamendo.com/?trackid=708494&format=mp32&from=elvmckykpCtjbYXgtBYdFg%3D%3D%7Cnr7l%2BPGOREEoj4DnUBGr6g%3D%3D,708494,82632
Laziness,Malika Rai,Seduction Time,242,https://prod-1.storage.jamendo.com/?trackid=644675&format=mp32&from=8B6Gfuv466QRenGkoUIhGA%3D%3D%7CaLkqahyIwahq5l6XtLmlQg%3D%3D,644675,74688
Przemek Puk - Ocean Łez,Przemek Puk,Przemek PUK,215,https://prod-1.storage.jamendo.com/?trackid=675147&format=mp32&from=g9PB4Kvec9nDq3BFzGBAkQ%3D%3D%7CZ12xlZ41AwZOl46vxUuUzQ%3D%3D,675147,78359
Lofi Chillout Hip Hop Beat,Joystock,Lofi Chillout Hip Hop Beat,149,https://prod-1.storage.jamendo.com/?trackid=1593988&format=mp32&from=kDDXUPRaT0d2fLI73DNWwg%3D%3D%7C%2Fwv6xFb0ef6VwqelzDcQTw%3D%3D,1593988,365590
Pink Noise Waltz,Diablo Swing Orchestra,The Butcher's Ballroom,366,https://prod-1.storage.jamendo.com/?trackid=391011&format=mp32&from=oHBxS9VYGj4BJBr5OezljA%3D%3D%7CtdGPaESIL1cK8S3GuJFJeA%3D%3D,391011,49216
Go!,Mike Falzone and the Peppermint Trick,Do It For The Story,189,https://prod-1.storage.jamendo.com/?trackid=482088&format=mp32&from=kVVVAoe4oAa4n8fZQqPVZA%3D%3D%7CXnwK2xZPyPSjEJikzvVXAw%3D%3D,482088,56815
Zodiac Virtues,Diablo Swing Orchestra,The Butcher's Ballroom,287,https://prod-1.storage.jamendo.com/?trackid=391012&format=mp32&from=f5k81i5Aa%2Fr4M0ZdRlisTQ%3D%3D%7Cq00QCyFSQEB9RkSM5sJEZg%3D%3D,391012,49216
The Promise,Swear and Shake,Extended Play,190,https://prod-1.storage.jamendo.com/?trackid=745867&format=mp32&from=%2BUoROGOdh6ZjyeY5nKawMA%3D%3D%7CWYQ98tPfQtrukO3JapTl%2Bg%3D%3D,745867,87162
Truckstop Flower,Swear and Shake,Extended Play,233,https://prod-1.storage.jamendo.com/?trackid=745868&format=mp32&from=20C3iYy%2BXnJw1MNe56Dexg%3D%3D%7CTlsdGfKMYGy2OICZHGopdA%3D%3D,745868,87162
Porcelain Judas,Diablo Swing Orchestra,The Butcher's Ballroom,249,https://prod-1.storage.jamendo.com/?trackid=391009&format=mp32&from=mDZ5ecGn1AkuEFJmLQwlAA%3D%3D%7Cm4Qjxqbd2gdVB6Z%2BEtWPqA%3D%3D,391009,49216
Ballad of a Townie,Mike Falzone and the Peppermint Trick,Do It For The Story,337,https://prod-1.storage.jamendo.com/?trackid=482092&format=mp32&from=t0lv9QyFK3T2%2FRaDGQ1uUg%3D%3D%7Cb%2BTrSeTmg5JW4hoWFawetA%3D%3D,482092,56815
Hear Me Out,Mercury in Summer,I Believe,159,https://prod-1.storage.jamendo.com/?trackid=667063&format=mp32&from=gtyqISJ55zNlaMakAkGNpQ%3D%3D%7C70fwiSG62nebX%2B5XDOJ81A%3D%3D,667063,77388
Everyone Is Fine,Jediah,Flight,237,https://prod-1.storage.jamendo.com/?trackid=121469&format=mp32&from=MieK9DJEabSbG6A8uurOmg%3D%3D%7C%2F6va2Fpca97D32Qq0GKOQA%3D%3D,121469,16880
Just A Day (Exclusive),RVNS,Just A Day (Exclusive),197,https://prod-1.storage.jamendo.com/?trackid=1463635&format=mp32&from=PsoDSwk7ddvXtRzCgoqd%2FQ%3D%3D%7C02WJcd0W2aAW3KumcsVNvA%3D%3D,1463635,236846
Drop Down,Mike Falzone and the Peppermint Trick,Do It For The Story,194,https://prod-1.storage.jamendo.com/?trackid=482089&format=mp32&from=LTS68RZW%2BKzG3LYv38U9mg%3D%3D%7CCY2ga3TvBB52k%2BWG40Dc7w%3D%3D,482089,56815
Qualms of Conscience,Diablo Swing Orchestra,The Butcher's Ballroom,76,https://prod-1.storage.jamendo.com/?trackid=391008&format=mp32&from=7aR7DN7pc7kwDTmRR0TrmA%3D%3D%7CUrKJNGVaPguTyovtSXWhwg%3D%3D,391008,49216
Bones,Swear and Shake,Extended Play,225,https://prod-1.storage.jamendo.com/?trackid=745866&format=mp32&from=rmsotymjtDZI7fBYp0Mfnw%3D%3D%7CX6bukFi3ottrk%2B6u6ZsJag%3D%3D,745866,87162
These Nights,Modern Pitch,These Nights,214,https://prod-1.storage.jamendo.com/?trackid=1133998&format=mp32&from=onSoIG2scL0hrKSgv7MZUA%3D%3D%7CnKqud%2Bws8pkuliz7%2B8vQXA%3D%3D,1133998,136061
Summer,Michael Ellis,Tavis Vor,201,https://prod-1.storage.jamendo.com/?trackid=1407840&format=mp32&from=J%2FWDe2PtxAJoFFIuDgzosA%3D%3D%7CIXKU7fIn10kn85k7uIKgIA%3D%3D,1407840,164540
Just One Wink,Mercury in Summer,I Believe,142,https://prod-1.storage.jamendo.com/?trackid=667065&format=mp32&from=HLkX5sVnnq0X3diEYvSm0A%3D%3D%7C3Y5FlYKYKHG%2BGNt551YQ6w%3D%3D,667065,77388
April Showers,ProleteR,Curses From Past Times EP,275,https://prod-1.storage.jamendo.com/?trackid=1092425&format=mp32&from=79YQ58bdQZEdZC%2Fmg29T2A%3D%3D%7CpLJEbnhLlqozQZ7%2FxHo9Qw%3D%3D,1092425,130358
The Final Rewind,Tryad,Public Domain,273,https://prod-1.storage.jamendo.com/?trackid=6568&format=mp32&from=2sSgVNlQyq3orykkwvqU%2BA%3D%3D%7CMBSCXuiBZRwE5iRJWQItdQ%3D%3D,6568,1003
Blood,All My Friends Hate Me,Blood,211,https://prod-1.storage.jamendo.com/?trackid=1765024&format=mp32&from=UlSQg3tFCQ%2B%2BJXvzALZ8PA%3D%3D%7CMzvoxU5M8J2%2FnTy6Xrzfqg%3D%3D,1765024,261326
Stay Tuned,SONIC MYSTERY,GREAT MOVES,162,https://prod-1.storage.jamendo.com/?trackid=267796&format=mp32&from=hoF3gozwWpULQoaw4TMLXQ%3D%3D%7CC8nKWzdYMgKeG2AZENLF5g%3D%3D,267796,38075
Breathe In Breathe Out,Singleton,Uncovered,250,https://prod-1.storage.jamendo.com/?trackid=1067291&format=mp32&from=PMvw%2B%2FJrd%2FlD54c9%2FJbnRQ%3D%3D%7CaXHNwiKjwGJPJLqsNxn5wA%3D%3D,1067291,126162
Glitter Bomb,Juanitos,Best Of,156,https://prod-1.storage.jamendo.com/?trackid=309780&format=mp32&from=YTgBZigP1xxI0o%2Bi2eh0kQ%3D%3D%7Cy02xFQR5jLPINzYbA70iMA%3D%3D,309780,41987
Deep blue (2005),Antony Raijekov,Jazz U,202,https://prod-1.storage.jamendo.com/?trackid=29862&format=mp32&from=fNoJkF0DOzthyqg42BgGIw%3D%3D%7CNvDw4%2B6bkxZt3STA3%2FoGaw%3D%3D,29862,3777
To The Roofs,Colaars,Underheart,239,https://prod-1.storage.jamendo.com/?trackid=1443264&format=mp32&from=dBS3%2Fz5oXOiQqGpZ8Ws4rA%3D%3D%7C6tx0hv42x1kOCXbpwIVkDg%3D%3D,1443264,167916
Emptiness,Alexander Blu,May,241,https://prod-1.storage.jamendo.com/?trackid=946&format=mp32&from=PPaojPA%2Bsbl1M1vXE8lgVw%3D%3D%7CcjJHh0tagkzv%2FPclfsRKlw%3D%3D,946,149
Motivation,Akashic Records,Motivation,190,https://prod-1.storage.jamendo.com/?trackid=1295498&format=mp32&from=KGmA0hIX%2BeyzvCFmgEf7DQ%3D%3D%7CE5B0MzULG%2BKMOFeUezpqzg%3D%3D,1295498,154235
Not the One to Say (I Told You So) (24-bit Master),Cole Powell,Not the One to Say (I Told You So) (24-bit Master),235,https://prod-1.storage.jamendo.com/?trackid=1826189&format=mp32&from=qEFQGiJyGCA0GXBw2PfVwA%3D%3D%7CPK3mbXr%2BtIh679H514wIDg%3D%3D,1826189,229701
take me to the bonuslevel because i need an extralife,pornophonique,8-bit lagerfeuer,172,https://prod-1.storage.jamendo.com/?trackid=81741&format=mp32&from=CXm5CWjiFjw7AFYX%2Fix9KQ%3D%3D%7Chb2Nt9tHOJJmH%2F8VMGHfDQ%3D%3D,81741,7505
See The World,Mercury & The Architects,See The World,133,https://prod-1.storage.jamendo.com/?trackid=1768731&format=mp32&from=qgkJ1QHkjwd5A2gJ%2FXO9yg%3D%3D%7C%2BMntFPsGQ%2BTVPdwWhb3W7A%3D%3D,1768731,280260
All Or Nothing,David Krystal,She Sings To Me,316,https://prod-1.storage.jamendo.com/?trackid=1083180&format=mp32&from=ZMATMvSIYXsWS%2Bq40xIHRw%3D%3D%7Cs3DLy2PCXXTm0T8gPypSPQ%3D%3D,1083180,129082
space invaders,pornophonique,8-bit lagerfeuer,206,https://prod-1.storage.jamendo.com/?trackid=81743&format=mp32&from=fAMNJ%2FpsBorokk7DhPnyqg%3D%3D%7CqaOKmw6JnkYc0E56v8zKHQ%3D%3D,81743,7505
Not Alone,Rob Costlow,Woods of Chaos,376,https://prod-1.storage.jamendo.com/?trackid=5790&format=mp32&from=vkCEwSDsrscXTzhmLQuPig%3D%3D%7Cw9eqt4KP%2F7DTAC5f1HYIwg%3D%3D,5790,888
Brave Soul (ft. Juliet Lyons),Bohemian Hideaway,Brave Soul (ft. Juliet Lyons),191,https://prod-1.storage.jamendo.com/?trackid=1353450&format=mp32&from=hYfG7p50330j1ks%2ByW%2B6qw%3D%3D%7C51JnxzBSgh9h4M3f6OnBPg%3D%3D,1353450,215665
Dj Rostej - Long Way,Dj Rostej,Love & Peace,285,https://prod-1.storage.jamendo.com/?trackid=1062584&format=mp32&from=QPDXaH7TN2PJTzm1i4VA4A%3D%3D%7CNDbKIkjG93OfuSKR%2FWxP1A%3D%3D,1062584,125456
The Field,Reno Project,1.0,359,https://prod-1.storage.jamendo.com/?trackid=161545&format=mp32&from=JFugumF%2FsE2RJynkZQr1Ew%3D%3D%7CFYxs5%2FRrG92orsphaLCUNA%3D%3D,161545,23661
Julius Marx - Vices,Julius Marx,Julius Marx - Vices,196,https://prod-1.storage.jamendo.com/?trackid=1882706&format=mp32&from=bdSYr7nLz3uEHtQjTvNY3Q%3D%3D%7CX0wt59PDT0YYekVG8Of3dA%3D%3D,1882706,453525
Prelude in E major,Maya Filipič,Between two worlds,92,https://prod-1.storage.jamendo.com/?trackid=196256&format=mp32&from=y6%2FpThZlByHolJPHZahYeg%3D%3D%7CvY8pSDNyFEBoti75qo3X4A%3D%3D,196256,29279
rock'n'roll hall of fame,pornophonique,8-bit lagerfeuer,242,https://prod-1.storage.jamendo.com/?trackid=81747&format=mp32&from=Qcml92Fu7Sl245vGAoFsMA%3D%3D%7CxJi5vTjHmbPW4eqEbEpi9A%3D%3D,81747,7505
Winter Sunlight (airtone feat. Leza2unes),Snowflake & ccMixter,Peace of Winter,160,https://prod-1.storage.jamendo.com/?trackid=472893&format=mp32&from=bQX04Lhz1qSO7H3D0yB99Q%3D%3D%7CeavmJX2R%2B4qekPIBsctFdQ%3D%3D,472893,55877
Waiting For Love,David Krystal,View From The Inside,210,https://prod-1.storage.jamendo.com/?trackid=1083661&format=mp32&from=7of2af8DxZyfXKKkeK2%2Bmw%3D%3D%7C5wYR4Cylx15SQvkDv%2Boc9Q%3D%3D,1083661,129078
Reflections,Rob Costlow,Woods of Chaos,292,https://prod-1.storage.jamendo.com/?trackid=5784&format=mp32&from=gZbELObwYAdq12TQJVdGfA%3D%3D%7CZ%2FVLU6AvAQuUonOZrFDQUg%3D%3D,5784,888
Peyote,Kinematic,Kites,183,https://prod-1.storage.jamendo.com/?trackid=1442030&format=mp32&from=T29ZhgRecBpCZ0s2tkileQ%3D%3D%7C5K%2FIEN67HUftkmT69qhlvQ%3D%3D,1442030,167814
She Dances,Anna Jordan,Dust,400,https://prod-1.storage.jamendo.com/?trackid=1274532&format=mp32&from=Uj7s%2FFl%2BxQqyDDxP24vDbQ%3D%3D%7CPFNv2%2FuCc8XGaKy%2FJ8V51A%3D%3D,1274532,152145
Like I Do,I. D. F. X.,Like I Do,191,https://prod-1.storage.jamendo.com/?trackid=2040935&format=mp32&from=iC%2FQJVNkRO%2BvRFllNz1RUA%3D%3D%7CLY%2BLGh%2BNrKm0rU6OwN4Vhw%3D%3D,2040935,525683
Perverting The American Dream,The Bourgeois,The Bourgeois,238,https://prod-1.storage.jamendo.com/?trackid=1197872&format=mp32&from=oTcWrVhyHIlyvZkfSnOF2w%3D%3D%7CgSQeH%2FLeHcJJPR0%2BRwtIuQ%3D%3D,1197872,144113
Goodbye Romeo,Explosive Ear Candy,Goodbye Romeo,223,https://prod-1.storage.jamendo.com/?trackid=1519114&format=mp32&from=U58K24qCoIU9oIkepx3EOQ%3D%3D%7C2lC%2BXrMsi2yLmRuCHEdLAw%3D%3D,1519114,319152
Deep Sea Diver,Heifervescent,Pondlife Fiasco,224,https://prod-1.storage.jamendo.com/?trackid=287425&format=mp32&from=hH65E6a8Z5%2ByyODhWibOdQ%3D%3D%7C1xNOhA8a7IggBjMAOw%2BpPg%3D%3D,287425,39947
"Fire, Fire",The Devil Music Co.,"Fire, Fire",234,https://prod-1.storage.jamendo.com/?trackid=1565058&format=mp32&from=NWBgiacF2pMbGo74rsm65w%3D%3D%7CUAYMmCivicXM4aPiiUoDkw%3D%3D,1565058,258940
i want to be a machine,pornophonique,8-bit lagerfeuer,276,https://prod-1.storage.jamendo.com/?trackid=81744&format=mp32&from=TZPoBbSnkOBA94yVllku7Q%3D%3D%7C0eFK81U%2BhMXn9N7DX1vt4Q%3D%3D,81744,7505
Más Allá,Vince Miranda,Más Allá,243,https://prod-1.storage.jamendo.com/?trackid=1850249&format=mp32&from=rx17nLcpV%2FBWnQjmdjjN5g%3D%3D%7CmDVSZyuY8ZoOB6DBVicqBQ%3D%3D,1850249,230089
Look and Feel Years Younger,Brad Sucks,I Don't Know What I'm Doing,280,https://prod-1.storage.jamendo.com/?trackid=30059&format=mp32&from=IJceNkvXBfPg0f4hTKy9aA%3D%3D%7CXIOO1dTAa5658V7Tslq4iA%3D%3D,30059,3798
Under Water,The.madpix.project,Under Water,218,https://prod-1.storage.jamendo.com/?trackid=1901140&format=mp32&from=veU8f4CRVn0Vg3pVM0ceDA%3D%3D%7CiBHtOYMwd%2BTYQeZWwfQVrw%3D%3D,1901140,462575
Drake2,Cartel,Major Label Style Beats: Volume 2,271,https://prod-1.storage.jamendo.com/?trackid=1180601&format=mp32&from=tZDmevlcIKu%2BK0yZHRayWQ%3D%3D%7Cb0oG6%2FyXVuNMkOzOCgIs6A%3D%3D,1180601,142065
Soprano Trance is Back -FINAL RELEASE- produced by starmann65,®starmann65,Soprano Trance is Back -FINAL RELEASE-,334,https://prod-1.storage.jamendo.com/?trackid=825002&format=mp32&from=7yAPXkeA4FtY9EUE4KLxxQ%3D%3D%7CgIJ%2BXfnJnySvRNqgSVcyzQ%3D%3D,825002,96457
Make Believe,Felixjd,Y  Love House,283,https://prod-1.storage.jamendo.com/?trackid=366748&format=mp32&from=keCkkSWvsGokEd7cuzRt4A%3D%3D%7CFB0B9ElayKnh8C3aOfO2lw%3D%3D,366748,47305
IDK,THE DLX,IDK,191,https://prod-1.storage.jamendo.com/?trackid=1531154&format=mp32&from=qULZe2M8a0qmkv12i%2FsNnw%3D%3D%7CLoVj8BGlAQSNN1CVmtbllg%3D%3D,1531154,266171
One Bright Morning,HiGhMaS,HiGhMaS,120,https://prod-1.storage.jamendo.com/?trackid=415590&format=mp32&from=bRlmLKE1Ulbl5aUQzoY%2Fvg%3D%3D%7CKwoOdgxjTodGFkrEzwZZ6A%3D%3D,415590,51331
I See,Tryad,Public Domain,237,https://prod-1.storage.jamendo.com/?trackid=6569&format=mp32&from=bCnTKW6grZwCbs8D3sr%2FxQ%3D%3D%7CzMD0QK%2BNXRn%2BW8MOzyIl6Q%3D%3D,6569,1003
1/2 player game,pornophonique,8-bit lagerfeuer,229,https://prod-1.storage.jamendo.com/?trackid=81745&format=mp32&from=Y1MytCzdiQPp38OZps822w%3D%3D%7Ct0Mtf88vGNeSc%2F3c%2FAlZWA%3D%3D,81745,7505
game over,pornophonique,8-bit lagerfeuer,204,https://prod-1.storage.jamendo.com/?trackid=81746&format=mp32&from=gYTDTTvrtMsJY%2FdBp7HUUw%3D%3D%7CElc2wSndteNyu83K36IjsQ%3D%3D,81746,7505
Love Isn't Wasted,David Krystal,She Sings To Me,294,https://prod-1.storage.jamendo.com/?trackid=1083185&format=mp32&from=s%2FrPXMkl1x%2BRe3cOd1fxOQ%3D%3D%7CgXYPK8uj4WV6HlqhqqSi2Q%3D%3D,1083185,129082
I'm Letting Go,Josh Woodward,The Simple Life,192,https://prod-1.storage.jamendo.com/?trackid=162030&format=mp32&from=qkjqI4MJ4TgkdJcU%2FtL%2FYQ%3D%3D%7C%2F4yOPKl2Nh%2BeMxNdQV3qrA%3D%3D,162030,23755
Roots,Galdson,Roots,263,https://prod-1.storage.jamendo.com/?trackid=14013&format=mp32&from=bhNPIXQ72FN8KdRLYi%2BWng%3D%3D%7CzZMii2liJ721AiX%2BKVmURw%3D%3D,14013,2007
Addicted,David Krystal,View From The Inside,222,https://prod-1.storage.jamendo.com/?trackid=1083666&format=mp32&from=Dr1YpaW2jglnSxnivPFsdg%3D%3D%7CFnxfwq4QO%2Ft87mVQSScukg%3D%3D,1083666,129078
Pretty Pretty Girl,David Krystal,View From The Inside,235,https://prod-1.storage.jamendo.com/?trackid=1083664&format=mp32&from=9SEugL7nTp7GrHG6s73N7Q%3D%3D%7CETDQpOUaLb8wce4iojnBTg%3D%3D,1083664,129078
Loaded Gun,THE SAME PERSONS,Loaded Gun,184,https://prod-1.storage.jamendo.com/?trackid=1587010&format=mp32&from=oYx6YhXdVVkqu9L7mDysuQ%3D%3D%7C0VGDkUovlKqkL3gqbIaQww%3D%3D,1587010,296618
Criminal,Axl & Arth,Criminal,204,https://prod-1.storage.jamendo.com/?trackid=1785168&format=mp32&from=fWpvCeZzMXWM5bDywgn1yQ%3D%3D%7CvX1148uHjZxMPQqpznsobg%3D%3D,1785168,301279
Missing You,David Krystal,View From The Inside,279,https://prod-1.storage.jamendo.com/?trackid=1083662&format=mp32&from=IJJ0nOQHK7Wub8AAQQcDoQ%3D%3D%7CCIGsmpYDZhw%2B9kfO1Yw2lw%3D%3D,1083662,129078
True Gemini,Rob Costlow,Woods of Chaos,353,https://prod-1.storage.jamendo.com/?trackid=5787&format=mp32&from=3Om9Wde%2BRZ%2FWPKWqHQ7zTg%3D%3D%7Cfz2w4pVXhsu%2Fmv%2Ffe3Phdw%3D%3D,5787,888
Cover Me (album version),David Krystal,She Sings To Me,273,https://prod-1.storage.jamendo.com/?trackid=1083189&format=mp32&from=UuXA9nSMZPbgSGxnejciKw%3D%3D%7Cs52t5Spmz1B1eJsvf21yng%3D%3D,1083189,129082
My Love,MODUS,My Love,233,https://prod-1.storage.jamendo.com/?trackid=1891977&format=mp32&from=kRdEtWpUVp61O5zys77Zjg%3D%3D%7CB55MLq6U%2F826L0AWUmKwQQ%3D%3D,1891977,458205
Drive Me Crazy,David Krystal,View From The Inside,202,https://prod-1.storage.jamendo.com/?trackid=1083665&format=mp32&from=BbHl%2FhyK8LRK0IjdB2L4Kg%3D%3D%7C%2B1AVv6sVfdGbF5RI1cZZ7Q%3D%3D,1083665,129078
Hollow City,Project Divinity,Divinity,172,https://prod-1.storage.jamendo.com/?trackid=18243&format=mp32&from=l5A%2BFLu%2BEC0DmreC6AU3mA%3D%3D%7CJP0q%2FzccBwON%2BSXrtaLRaQ%3D%3D,18243,2572
Into The Dream,David Krystal,She Sings To Me,262,https://prod-1.storage.jamendo.com/?trackid=1083188&format=mp32&from=GbosKIIi6GTmRO%2BOXsvquw%3D%3D%7CK795Puow8b9GZI%2B705zIMg%3D%3D,1083188,129082
Painted Dream,John Dada & the Weathermen,The Green Waltz,272,https://prod-1.storage.jamendo.com/?trackid=242384&format=mp32&from=SZIKOy2I2ru976t0cy%2FFDQ%3D%3D%7Co%2BOzat5jCN03NTPoPWqwLQ%3D%3D,242384,35540
Hide In The Night,David Krystal,View From The Inside,244,https://prod-1.storage.jamendo.com/?trackid=1083667&format=mp32&from=WUx8bj%2B%2FY0fKQoK0DBf1eg%3D%3D%7CCdEaH41LgIGEyLAUE%2FXzfQ%3D%3D,1083667,129078
Like Yesterday,David Krystal,View From The Inside,210,https://prod-1.storage.jamendo.com/?trackid=1083668&format=mp32&from=j%2F8IdD3PoG6ZDxGIf5LZIg%3D%3D%7CJKKDeqtD7hKuy6J1x8tveg%3D%3D,1083668,129078
LEEONA - Do I,Zara Arshakian,LEEONA - Do I,166,https://prod-1.storage.jamendo.com/?trackid=2135375&format=mp32&from=zoW16gs1hSoXCVaSr9bX3w%3D%3D%7CdO2d0GJnon9JhAks96sgkw%3D%3D,2135375,550243
On And On,David Krystal,She Sings To Me,256,https://prod-1.storage.jamendo.com/?trackid=1083184&format=mp32&from=%2B1TorMcbTDO82O57T%2BgNhw%3D%3D%7Ca0%2Br9HMFJoKRPbFDJePdkw%3D%3D,1083184,129082
One More Dance,David Krystal,She Sings To Me,299,https://prod-1.storage.jamendo.com/?trackid=1083183&format=mp32&from=7Xj2KuIUKWaGmQ9GWqqTrA%3D%3D%7Cl6EioJpXQ5L275ytNKntNA%3D%3D,1083183,129082
Wipe Away Your Tears,David Krystal,View From The Inside,266,https://prod-1.storage.jamendo.com/?trackid=1083663&format=mp32&from=xFaSvAPPiO9hR5n9Gtgm%2BQ%3D%3D%7C0NU8rOE8d3aODwJXmSk5JA%3D%3D,1083663,129078
Dance of the Urbanite,Tryad,Public Domain,267,https://prod-1.storage.jamendo.com/?trackid=6577&format=mp32&from=%2BiaPpPHRptq3t4mBaKVgkg%3D%3D%7CMimbfFMc2BUwQzuUeCnFQQ%3D%3D,6577,1003
The Deep,Anitek,DEADSPACE,144,https://prod-1.storage.jamendo.com/?trackid=1884527&format=mp32&from=%2BgITjpWsKJWFGTu9UmzkeQ%3D%3D%7CqWKy1N88SxF9Anb%2B4Z6npg%3D%3D,1884527,454439
Wake Me When Its Over,David Krystal,View From The Inside,211,https://prod-1.storage.jamendo.com/?trackid=1083660&format=mp32&from=g9W9cKSoxQPPMfi6UN1UjQ%3D%3D%7C0oc%2BxuTDeIGFhIC%2BHuGgRw%3D%3D,1083660,129078
Our Lives Change,Tryad,Public Domain,190,https://prod-1.storage.jamendo.com/?trackid=6570&format=mp32&from=t4O%2FmWa9RbW1T6m6LwIHIQ%3D%3D%7CtSr0afA7BvukWqC5%2BJoTlA%3D%3D,6570,1003
Reflections (feat. Mathias Hagen),Kevin S.,Kevin S. feat. Mathias Hagen - Reflections,258,https://prod-1.storage.jamendo.com/?trackid=1904435&format=mp32&from=XLA%2Fc4lA5JuZYLJ6t%2FH1bw%3D%3D%7Cn7X1Q4ZwuDLjiafOiwlSzg%3D%3D,1904435,464257
Witness,Tryad,Public Domain,385,https://prod-1.storage.jamendo.com/?trackid=6572&format=mp32&from=9vfooa1tTJ086meaVRY%2Bcg%3D%3D%7CdnDcT3rN3wbT%2FfX33XKa5g%3D%3D,6572,1003
Stories from Emona IV,Maya Filipič,Between two worlds,198,https://prod-1.storage.jamendo.com/?trackid=196223&format=mp32&from=jyVpCbvE%2FXVsnfz%2BySBnFw%3D%3D%7CqQTs8s5mt1K9S5ZxJFqEqA%3D%3D,196223,29279
Ride,Fox & Mew,Ride,238,https://prod-1.storage.jamendo.com/?trackid=1273561&format=mp32&from=7y0pr8wwFqNFKaduWjERMg%3D%3D%7CGcmLhp8aLq5sWHMf69IfAQ%3D%3D,1273561,232813
Sorry,Dayung,Sorry,228,https://prod-1.storage.jamendo.com/?trackid=1057482&format=mp32&from=ERX%2BmS53qXnucWF4N9177A%3D%3D%7C%2B5GkPDJOqUxhIW7xV3YnYQ%3D%3D,1057482,124709
Just a Stranger,MCKOOL,Just a Stranger,189,https://prod-1.storage.jamendo.com/?trackid=1567808&format=mp32&from=4UlGIydCXysDtM9Fu5J0YQ%3D%3D%7Cs9ETsEEwHGefIkwPjLEk%2FA%3D%3D,1567808,238790
My Piano Sings (Part 4) (with Joana Smith),Tryad,Public Domain,205,https://prod-1.storage.jamendo.com/?trackid=6576&format=mp32&from=Pja9of6P8vNn%2FsZTFPPzJQ%3D%3D%7C8adXBcekuDLdjn9B4S%2BEMg%3D%3D,6576,1003
Peace On Earth (Same Place),Tryad,Public Domain,229,https://prod-1.storage.jamendo.com/?trackid=6575&format=mp32&from=qHFIf1qMI%2FvSgYqDaEqZCw%3D%3D%7CU3epDag1r0TW28STImLayw%3D%3D,6575,1003
New Life,Explosive Ear Candy,New Life,190,https://prod-1.storage.jamendo.com/?trackid=1442594&format=mp32&from=0PlUmyp126Q5fTKDQG%2FBSA%3D%3D%7C8rUXIzU2hKP7%2BoZNuJhXAQ%3D%3D,1442594,308884
No Rest Or Endless Rest,Lisofv,Gateway To The Real World,273,https://prod-1.storage.jamendo.com/?trackid=1882761&format=mp32&from=1CMdl5ZHIqHYcdfbRN9P0w%3D%3D%7C6kV%2BCV1138I9K0pjSm0iTg%3D%3D,1882761,453562
Fantasía,Maya Filipič,Between two worlds,199,https://prod-1.storage.jamendo.com/?trackid=196255&format=mp32&from=0FzSWRq72bnrIXP6VFwf4Q%3D%3D%7C6q%2BobGYoe5fK3Nge9x9j5g%3D%3D,196255,29279
LEEONA – Moment,Zara Arshakian,LEEONA – Moment,265,https://prod-1.storage.jamendo.com/?trackid=1897608&format=mp32&from=rDkk6mUiW84sx%2Fh5y6uQGQ%3D%3D%7CW8ZtsszlktOpLzdldwobnw%3D%3D,1897608,460819
Sick as a Dog,Brad Sucks,I Don't Know What I'm Doing,196,https://prod-1.storage.jamendo.com/?trackid=30062&format=mp32&from=haLw3ws3uGrX9gjRGTIWeg%3D%3D%7C5ZWiQLIvWO%2FEej%2BIIQhOig%3D%3D,30062,3798
Dame Más (acoustic),Alfonso Lugo,Dame Más (acoustic),245,https://prod-1.storage.jamendo.com/?trackid=1868922&format=mp32&from=xNUSa1bpufXnDiXRti00Bw%3D%3D%7CNzzMd6SHov7OzYnbaclBiA%3D%3D,1868922,447520
Mourning Day,SadMe,Mourning Day,216,https://prod-1.storage.jamendo.com/?trackid=1615623&format=mp32&from=2zQQmq6hsJab55nb8715tQ%3D%3D%7CZCXjOaKCTLum4sALz1xzzg%3D%3D,1615623,259591
do it over,amélie,be low,184,https://prod-1.storage.jamendo.com/?trackid=35349&format=mp32&from=108sw0YgVJnpeoMhhPwOCQ%3D%3D%7C5vyz3s5yvXbCmvXuTkR4gA%3D%3D,35349,4301
The Rising,Tryad,Public Domain,298,https://prod-1.storage.jamendo.com/?trackid=6582&format=mp32&from=KUx7xTEsMzmgHF%2BWkEz1oQ%3D%3D%7CjLm25xKfSuu6fhkkNQ61sg%3D%3D,6582,1003
Beat Into Submission (Solo),Tryad,Public Domain,182,https://prod-1.storage.jamendo.com/?trackid=6573&format=mp32&from=a4e162nbSQzTP3hALIKUlA%3D%3D%7Cc7oAqUTnGeRJS8Wl1KNBXA%3D%3D,6573,1003
Lady (feat Kid Randie & Myster Sandman),Le_J_James,Lady (feat Kid Randie & Myster Sandman),200,https://prod-1.storage.jamendo.com/?trackid=1980009&format=mp32&from=xfZCBc0nXosUb3JUZyWccw%3D%3D%7CT0MG3WwTKW%2BYtyMvoNbZ6Q%3D%3D,1980009,499722
Prelude in C# minor,Maya Filipič,Between two worlds,111,https://prod-1.storage.jamendo.com/?trackid=196257&format=mp32&from=JnnCGPdmiNUaxmkP82ir6g%3D%3D%7CdX46NRX6F8zDtUClx8k6Wg%3D%3D,196257,29279
Seduction,Tryad,Public Domain,196,https://prod-1.storage.jamendo.com/?trackid=6571&format=mp32&from=Li1BWlF5XqYzl6fev8svRw%3D%3D%7C%2B%2FRyMwTG4bR9hoI8t7gNpg%3D%3D,6571,1003
When the Stars Fall from Grace,Heifervescent,Pondlife Fiasco,258,https://prod-1.storage.jamendo.com/?trackid=287424&format=mp32&from=v1QsDnJMst9KSAcvUItFSg%3D%3D%7CwRV0o%2FXrZVBx7ad46AyeoQ%3D%3D,287424,39947
Sampling Memory,Tryad,Public Domain,253,https://prod-1.storage.jamendo.com/?trackid=6579&format=mp32&from=8Jbq4w%2BH3jfpu4St28ofKg%3D%3D%7C7WjFa0I1pqwLcGjbBGZ7%2BA%3D%3D,6579,1003
My Placid Island,Tryad,Public Domain,140,https://prod-1.storage.jamendo.com/?trackid=6580&format=mp32&from=w672tsvQ62KhCaW3eq691g%3D%3D%7CIpRHRyaGNN%2Fm5WWRnYeKvw%3D%3D,6580,1003
Friend,Rob Costlow,Woods of Chaos,240,https://prod-1.storage.jamendo.com/?trackid=5786&format=mp32&from=X6QIX7JJNmSddfmHgniH4w%3D%3D%7CdY3r5jPJao%2BQm8tPejawew%3D%3D,5786,888
Arcadia,Tryad,Public Domain,220,https://prod-1.storage.jamendo.com/?trackid=6581&format=mp32&from=4ANUOmqMtBgisOtTO1Qg9Q%3D%3D%7ChzhemAOppddSkAJRc%2ByStQ%3D%3D,6581,1003
Star Guide,Tryad,Public Domain,186,https://prod-1.storage.jamendo.com/?trackid=6578&format=mp32&from=UzVVx%2BQS7lSWW9FiNrNlcQ%3D%3D%7CAU%2Fkdm%2B7OS3mQ6InhoLhRA%3D%3D,6578,1003
Les files d'attente,Law',Sans gêne ni oxygène,195,https://prod-1.storage.jamendo.com/?trackid=964535&format=mp32&from=OI%2B0O1DkWwGcMSIQvLTa1w%3D%3D%7Cf%2BEV%2BOV1y5SrRsdQzonXgA%3D%3D,964535,113423
Beautiful Piano - full version,WhiteCat,Beautiful Piano,161,https://prod-1.storage.jamendo.com/?trackid=1656722&format=mp32&from=Iy4BbsMZqIoN74DPsdsq9A%3D%3D%7Cb5UY%2FQFMB0l7rI6fD89HPw%3D%3D,1656722,185260
TripToJazz,Manuzik,Nouvelles Shortstories,209,https://prod-1.storage.jamendo.com/?trackid=2083&format=mp32&from=H%2FfqK4JKQ95YV%2FLt9Xfqqw%3D%3D%7CZdG7SGqHsxNI3xQA4QCFmw%3D%3D,2083,327
Erick Fill & Alwaro - You'll Be Fine ft. Crushboys (Original Mix),erickfill,Erick Fill & Alwaro - You'll Be Fine ft. Crushboys (Original,208,https://prod-1.storage.jamendo.com/?trackid=1834483&format=mp32&from=FQrU%2F8yCnXNFfVYYTz%2FiKA%3D%3D%7C%2Fm57I1emHVqZPv31zBwDyw%3D%3D,1834483,332699
Universal Funk,Duo Teslar,Universal Funk,252,https://prod-1.storage.jamendo.com/?trackid=1466090&format=mp32&from=hN1Y8o4mY%2BVCAK218bBXlg%3D%3D%7CvN3NZYeD9gQlKivcgEtLIw%3D%3D,1466090,236896
I wanna Be,Quentin Hannappe,I Wanna Be,152,https://prod-1.storage.jamendo.com/?trackid=1108495&format=mp32&from=957RlxBshzyWp9YOj3xALQ%3D%3D%7CHYS9nJysl2jX%2FhBtDamvow%3D%3D,1108495,132390
Prelude in Eb major,Maya Filipič,Between two worlds,93,https://prod-1.storage.jamendo.com/?trackid=196260&format=mp32&from=9GMpKvma9PmNLKa0IpegVw%3D%3D%7CZVTBsxtYLPCQkS1e5uNR%2Fg%3D%3D,196260,29279
Flight,Pianochocolate,Morning Coffee,306,https://prod-1.storage.jamendo.com/?trackid=296235&format=mp32&from=GQrkLNkriWTj0yUKlqQnPQ%3D%3D%7CK%2FQYid0pRGm1FCFyEhvVVA%3D%3D,296235,40689
Woods of Chaos,Rob Costlow,Woods of Chaos,284,https://prod-1.storage.jamendo.com/?trackid=5791&format=mp32&from=iqEu6p65d0nKM2W7lnjK6Q%3D%3D%7CmlZK%2FViRSscHVH0xQy%2F2ng%3D%3D,5791,888
Host,Color Out,Host / Therapy (In My Skin),177,https://prod-1.storage.jamendo.com/?trackid=2161171&format=mp32&from=nJxVTu9JdiESUB07%2FpNfmg%3D%3D%7CTnaEsE5K6%2BKayqgF%2BORdaA%3D%3D,2161171,562528
Dark Room Full of Lonely People,Dutilleul,Dark Room Full of Lonely People,240,https://prod-1.storage.jamendo.com/?trackid=1393688&format=mp32&from=EuyzvyNJS3fmGL7FtME3eA%3D%3D%7CfQYrb2n7pUWwUvuWk7WkPw%3D%3D,1393688,369855
Lucky Number Seven,Triplexity,Between Light And Shadow,355,https://prod-1.storage.jamendo.com/?trackid=121123&format=mp32&from=96tQLQg8kzESZftDHlM9Ng%3D%3D%7ChFWpAmG3G7ysXqUb46rHDg%3D%3D,121123,16739
Semester Days,Rob Costlow,Woods of Chaos,243,https://prod-1.storage.jamendo.com/?trackid=5785&format=mp32&from=XLGhqG0BKpjgX0V6r4%2FtsQ%3D%3D%7CaRU3msKVvq4lvqLsNfKIFA%3D%3D,5785,888
I'm Growing Fangs,Great White Buffalo,Fangs,259,https://prod-1.storage.jamendo.com/?trackid=1198383&format=mp32&from=HEZuWarCG9RQZUmXOQPMog%3D%3D%7CL3%2FNnxKaSQytMZOzS%2B81rA%3D%3D,1198383,144159
Middlenight Cat Walking Chicago,Helios Salah,"The Meditative Synaesthetic Piano CD 1 (demo, 3 of 23)",162,https://prod-1.storage.jamendo.com/?trackid=564446&format=mp32&from=HVPJpn39%2FIGESydJxKLBpw%3D%3D%7CZnLpFxJhrd%2BJCozGpI%2FEIg%3D%3D,564446,65287
Twilight,Rob Costlow,Woods of Chaos,248,https://prod-1.storage.jamendo.com/?trackid=5792&format=mp32&from=49JjE0RDxsh4MEVX3pNPxA%3D%3D%7C8w7tM%2B6NbvVWNm5ZbXHJ%2Bg%3D%3D,5792,888
The Little Robot,Forget the Whale,What I Tell Myself Vol. 2,275,https://prod-1.storage.jamendo.com/?trackid=1434824&format=mp32&from=4j%2Fvsv3bc%2FZG0M9uyH88wg%3D%3D%7ChugVJGm2TMc8zrAcpwbtGw%3D%3D,1434824,167118
Dropping out of School,Brad Sucks,Out of It,223,https://prod-1.storage.jamendo.com/?trackid=210907&format=mp32&from=%2BGbIy1v6pzo6P5GoU2MxHg%3D%3D%7C8S0DoLqj6xzEDIT%2B1yBHfQ%3D%3D,210907,31187
Adult Only & SaReGaMa - Afterzone,SaReGaMa,Adult Only & SaReGaMa - AFTERZONE,425,https://prod-1.storage.jamendo.com/?trackid=897105&format=mp32&from=AyFeOFw0u%2BLW7jd%2FoNj52g%3D%3D%7CqkhoLhXK59bmsHQvbMbhPA%3D%3D,897105,105547
Tulip Trees,Rob Costlow,Woods of Chaos,273,https://prod-1.storage.jamendo.com/?trackid=5789&format=mp32&from=ESLcEVKwmH7AE2IAaB%2FnFA%3D%3D%7ChvYjtuQnfsUiWh59qbr9Dg%3D%3D,5789,888
Obscure Terrain,Revolution Void,Increase the Dosage,226,https://prod-1.storage.jamendo.com/?trackid=15662&format=mp32&from=qcqd%2FbhPB0r9DPjNxNCmeQ%3D%3D%7C%2FizkpvgSnM3RwkICTXfC6Q%3D%3D,15662,2225
Down the Road,Rob Costlow,Woods of Chaos,220,https://prod-1.storage.jamendo.com/?trackid=5788&format=mp32&from=QC426xbABSEQytHQxzvtsw%3D%3D%7C%2FUnpftrkCr3%2BYqwNabB%2FZA%3D%3D,5788,888
Salsa di Soy,Boom Boom Beckett,Vélos,437,https://prod-1.storage.jamendo.com/?trackid=34576&format=mp32&from=UR2G9XEaTUyK3CyB8y3%2FtA%3D%3D%7Co0b%2FvwVF9kiv2jCmgM1JgQ%3D%3D,34576,4234
My Heart Blows Up (Explosions),Anton Leuba,My Heart Blows Up (Explosions),219,https://prod-1.storage.jamendo.com/?trackid=1840623&format=mp32&from=Malw2T5%2BmxafbuDXfwnASA%3D%3D%7CwlPhrUQrevLPTvk%2BQcM4eA%3D%3D,1840623,243247
Way to Success,ADDICT SOUND,Way to Success,186,https://prod-1.storage.jamendo.com/?trackid=1334807&format=mp32&from=owbfXcOTdgRws%2Bv2jiNF5A%3D%3D%7C6zJXzpkrCGuqS3SD8zKZfQ%3D%3D,1334807,157824
Beyond All Their Wishes,James Bell,Roll On Christmas,185,https://prod-1.storage.jamendo.com/?trackid=1865869&format=mp32&from=zF6EsLBtk2ff1eBwsTshQg%3D%3D%7CaFo6AKziLybJ6m9brCHTGA%3D%3D,1865869,446418
jenny,Grace Valhalla,PEAK~,319,https://prod-1.storage.jamendo.com/?trackid=15171&format=mp32&from=9NvhcjdBq34HBzSHTmorUg%3D%3D%7C4tfCxEmTr6TjAEHMNdu1UA%3D%3D,15171,2162
hermosa experiencia / de La Banda MS / Con Proyecto G,Proyecto G,Grupo Proyecto G / Grabación de Ensayo / Fecha 26-02-2015,156,https://prod-1.storage.jamendo.com/?trackid=1206092&format=mp32&from=E6HhlqO%2BOqQgWhceBmHQ%2BQ%3D%3D%7C7X7UZRCsZbOU7H8hkQ8YXg%3D%3D,1206092,144887
Fell In Love With Summer,Songwriterz,Fell In Love With Summer,221,https://prod-1.storage.jamendo.com/?trackid=1857622&format=mp32&from=dkh8sXw3D%2FIyw9Pnp5Xe8w%3D%3D%7CLOPLx7Z4zSCGl6j9oeDkIg%3D%3D,1857622,392953
In Tune - Remix 2 (2017 Version),Kellee Maize,In Tune - Remix 2 (2017 Version),276,https://prod-1.storage.jamendo.com/?trackid=1372343&format=mp32&from=%2Fuhrn9vF9MaFWmXDqFUVsA%3D%3D%7Cvrf%2F6ndcXIDmLKG4WYKA9g%3D%3D,1372343,216483
Crown,Kellee Maize,Crown,250,https://prod-1.storage.jamendo.com/?trackid=1458876&format=mp32&from=o4Z%2FxwW5LILCnqJXppnxUw%3D%3D%7C172XxNIktAFKdAC%2BSGpKMQ%3D%3D,1458876,248340
Ambient-M (2003),Antony Raijekov,Jazz U,257,https://prod-1.storage.jamendo.com/?trackid=29866&format=mp32&from=q7P%2F5XNvTvkCgmkBCvcGMQ%3D%3D%7CVPmVTSnybmNL1vZVGGOjXA%3D%3D,29866,3777
Effects of Elevation,Revolution Void,Increase the Dosage,320,https://prod-1.storage.jamendo.com/?trackid=15658&format=mp32&from=eJVX%2B6Il43RxTrFGjHsCkQ%3D%3D%7C2rF%2BFnC9wT9yftVm79V8XA%3D%3D,15658,2225
Sake Bomb (feat. Jade Gritty & Aurc),Tab,Sake Bomb (feat. Jade Gritty & Aurc),221,https://prod-1.storage.jamendo.com/?trackid=2016794&format=mp32&from=8ZftQgeEvML%2FDQea6CyIPA%3D%3D%7CrEORRfHnAqfoI4duFl1XUg%3D%3D,2016794,515169
Tribute to the kings,Trafic de Blues,Fin de cavale,331,https://prod-1.storage.jamendo.com/?trackid=12303&format=mp32&from=4J%2FOkcbGv1lkbfQUxd6NYA%3D%3D%7ClPckeMwAlbaMQT6ePsb1pg%3D%3D,12303,1820
Stories from Emona II,Maya Filipič,Between two worlds,335,https://prod-1.storage.jamendo.com/?trackid=196221&format=mp32&from=LSle05lr2rkzM90GHpAz7g%3D%3D%7CX2FmYi3ArNJMHHOwfyxDeg%3D%3D,196221,29279
Bal de Nuit,Remy Bourgeois,Bal de Nuit EP,339,https://prod-1.storage.jamendo.com/?trackid=1235168&format=mp32&from=%2FCY6IpC60F5613KA8w0WJg%3D%3D%7CZvzq4f1HFt0jW6aP5n1oSA%3D%3D,1235168,148070
Paris (energy of life),On returning,Silent tears in a city of strangers,276,https://prod-1.storage.jamendo.com/?trackid=959828&format=mp32&from=4hjq%2F244gJnfgXkLWvD32Q%3D%3D%7CmQiUczHi17NSajHqUA%2Bvfg%3D%3D,959828,112840
Dan Darnell - Right Now,Dan Darnell,Dan Darnell - Right Now,151,https://prod-1.storage.jamendo.com/?trackid=1820747&format=mp32&from=j%2B9EpTQPHqgy7jgfSc54EQ%3D%3D%7CbLZNSk%2BaM7LOpdpkYt9smA%3D%3D,1820747,313155
Le Coeur en Vadrouille,CaLey n' DaNis,Le Coeur en Vadrouille,140,https://prod-1.storage.jamendo.com/?trackid=1207044&format=mp32&from=037exrGJKSUY2ijhzVubdg%3D%3D%7C5N%2FNfhzxSk3JvKIB9MXAUA%3D%3D,1207044,254230
new andromeda theory,Wasaru,Undefinable Scenes,192,https://prod-1.storage.jamendo.com/?trackid=263463&format=mp32&from=XJqEUb4ju6h1upuEZJ1p1w%3D%3D%7COLuMdsGAnlOy2kfXXWZrPQ%3D%3D,263463,37609
Les souvenirs,Pianochocolate,Morning Coffee,250,https://prod-1.storage.jamendo.com/?trackid=296237&format=mp32&from=s%2FE6Rnr%2Fetgt3A1AIaU8bw%3D%3D%7CHiAIV7Uc0xqwE%2B3SkKdafQ%3D%3D,296237,40689
L.A./Passing By,Rob Costlow,Sophomore Jinx,508,https://prod-1.storage.jamendo.com/?trackid=5794&format=mp32&from=O4Ax0ytEI7LrRxxFZGErHQ%3D%3D%7C9tby%2FH9WVIiDHASeUuRczg%3D%3D,5794,889
longtime,Reman,Time,288,https://prod-1.storage.jamendo.com/?trackid=363426&format=mp32&from=rcftCPTRhlZk5lpcXmiAZA%3D%3D%7C%2FqnRlI7TUxURKqxlt8jpSw%3D%3D,363426,46987
Factum par Fictio,Revolution Void,Increase the Dosage,530,https://prod-1.storage.jamendo.com/?trackid=15656&format=mp32&from=g8LYgiPmtU4iwuI9I9EULg%3D%3D%7CubPYFt9ag0iyO3RF7fQzSg%3D%3D,15656,2225
Good Morning,EKOUT,Good Morning,251,https://prod-1.storage.jamendo.com/?trackid=1911306&format=mp32&from=UonyMVig4fCOjt6Ay1rggg%3D%3D%7CueWyAEg9ZaLjk8ppmmAs5g%3D%3D,1911306,467469
Dollhouse,Lilly Wolf,This Painted Life,218,https://prod-1.storage.jamendo.com/?trackid=1093606&format=mp32&from=E0uH8W0z3UK1X7syS8Osqg%3D%3D%7CZLS0vzLxgSdKjWzVTzAwZA%3D%3D,1093606,130347
Before I sleep,Muciojad,Before I sleep,249,https://prod-1.storage.jamendo.com/?trackid=1406716&format=mp32&from=LOvCBvuROG889pWCP8DHWQ%3D%3D%7CsuzSBgJm%2F%2FMeDkNuaSje5A%3D%3D,1406716,217634
Bad Intentions,Bessonn&sa,Bad Intentions,181,https://prod-1.storage.jamendo.com/?trackid=2137882&format=mp32&from=KvTBqXe%2Bp1qD7pfuU%2B0rpg%3D%3D%7C38Z1NzAMnrHMBLoGNGqSLA%3D%3D,2137882,551560
All I Ever Wanted,Devon Elizabeth,The Loneliest Dream,214,https://prod-1.storage.jamendo.com/?trackid=1227197&format=mp32&from=Fh%2Fy1nVprWjJTy%2BrJ8sfNQ%3D%3D%7CWUPDgKOjw3mywr4Qs%2FnUVA%3D%3D,1227197,147211
Weekend Amnesia,Revolution Void,Increase the Dosage,235,https://prod-1.storage.jamendo.com/?trackid=15661&format=mp32&from=MMIz%2BTRLdbm%2BOpJMnvP54w%3D%3D%7CsIrPpGLzFQn%2BeZRwe0gwGA%3D%3D,15661,2225
Habitual Ritual,Revolution Void,Increase the Dosage,365,https://prod-1.storage.jamendo.com/?trackid=15657&format=mp32&from=DSY1htLR4LadAl1wOblBvg%3D%3D%7CvbY%2FKwlWEcWKrOhUPk0JiA%3D%3D,15657,2225
A Beautiful Day,Esther Garcia,A Beautiful Day,175,https://prod-1.storage.jamendo.com/?trackid=1313073&format=mp32&from=8jgm6b3BF%2Bl9A%2B4MLP7n6A%3D%3D%7C6z%2FMWMq2iNtgzkRJdUJmog%3D%3D,1313073,155900
Lounge Oud  Feat. Fawzi Chekili,Ben OThman,"Lounge Cafè Tunis      ""Sahria""",338,https://prod-1.storage.jamendo.com/?trackid=8305&format=mp32&from=ejbl%2FgYY0ZvwZcraUsJHgw%3D%3D%7C02vKeGx2LtTNTxpnzgFy%2Fw%3D%3D,8305,1250
The Modern Divide,Revolution Void,Increase the Dosage,305,https://prod-1.storage.jamendo.com/?trackid=15659&format=mp32&from=c2vg%2BEt%2FiXCJ3MM9MOCUZA%3D%3D%7CQTFOcmf2maGYMjR92dEZHw%3D%3D,15659,2225
Ikebana,StrangeZero,Newborn Butterflies,295,https://prod-1.storage.jamendo.com/?trackid=536419&format=mp32&from=I36%2Bu9RYvFLieRpLYMBnVg%3D%3D%7C3dCh5jEkx5Y%2BOttYSIMFJA%3D%3D,536419,62524
When The Sun Goes Down,The.madpix.project,When The Sun Goes Down,234,https://prod-1.storage.jamendo.com/?trackid=1373026&format=mp32&from=ddZEA4ELEqy0oJ5ho31vsA%3D%3D%7CNceTrJPl3%2FFBUmH%2B4ihicg%3D%3D,1373026,161494
sweet tania,Arnaud Martin Jazabana,Live in Goldengate,306,https://prod-1.storage.jamendo.com/?trackid=1048629&format=mp32&from=p9gpmJ5iysRLsuzHNLBTww%3D%3D%7C85YxbzMQ8mNNxbfhP3cFRQ%3D%3D,1048629,123557
Wire & Flashing Lights,Professor Kliq,Wire and Flashing Lights EP,217,https://prod-1.storage.jamendo.com/?trackid=1072431&format=mp32&from=8EiAUZxH7uTqj4dIEmFSOA%3D%3D%7CzcYh02WbpfafKZqksEiKsg%3D%3D,1072431,127400
The Robot is Dreaming,Revolution Void,Thread Soul,216,https://prod-1.storage.jamendo.com/?trackid=17965&format=mp32&from=F7rdzgMDPOzkP4wytIFeVQ%3D%3D%7CM7t7wooFkF66VZlSfQ1%2Bxw%3D%3D,17965,2534
Down Below,John Dada & the Weathermen,folK.itUp,236,https://prod-1.storage.jamendo.com/?trackid=1194317&format=mp32&from=xqhIMbrPlDbn5IfuewOQsw%3D%3D%7CJQ6zYYdPrHGb5%2BBJeHk31A%3D%3D,1194317,143735
Restored Soul,Keffy Kay,Beautiful Way,318,https://prod-1.storage.jamendo.com/?trackid=489242&format=mp32&from=ymANs60TaySzRPEsKxK00A%3D%3D%7CapMlyfABGnZM3Doc8FYwoQ%3D%3D,489242,57353
Traffic Cars,Professor Kliq,Community Service II,231,https://prod-1.storage.jamendo.com/?trackid=443368&format=mp32&from=kHeyUXPaCHhLY5kzExO44Q%3D%3D%7CjDIb5S8NcXLlekaKJVVJaw%3D%3D,443368,53465
Stories from Emona III,Maya Filipič,Between two worlds,202,https://prod-1.storage.jamendo.com/?trackid=196222&format=mp32&from=xF6FF%2FJAqAgSeIrFtkdnyw%3D%3D%7CRRivWP1nT7Jv%2F8%2BsmIZFJA%3D%3D,196222,29279
Double the Daily Dose,Revolution Void,Increase the Dosage,355,https://prod-1.storage.jamendo.com/?trackid=15660&format=mp32&from=ai08ZQ2W6A7lr77PVwxQ4w%3D%3D%7CtyUHZIEWJ7XPNzvWFgoHZA%3D%3D,15660,2225
August,Pianochocolate,Morning Coffee,223,https://prod-1.storage.jamendo.com/?trackid=296236&format=mp32&from=FlI8Ko1C4wV2c%2FltezvZ4g%3D%3D%7C4S1LsPnqHcz%2FMUbFxSdynw%3D%3D,296236,40689
Stereo Time,Sunwill,Coming (EP),172,https://prod-1.storage.jamendo.com/?trackid=992658&format=mp32&from=9fiA4Ei90uK9HTdr4TH7jA%3D%3D%7CG%2B9%2BnR2sNVqZoA9fUQXM2w%3D%3D,992658,116770
The blue star,Greg Baumont,Wood,242,https://prod-1.storage.jamendo.com/?trackid=2166&format=mp32&from=iu%2FXjXSxqd89CluXWEtsaQ%3D%3D%7CnToxL%2FTKzhVQoqEUjfiuvg%3D%3D,2166,347
Ambient Background,soundshrim,Ambient Background,144,https://prod-1.storage.jamendo.com/?trackid=1320383&format=mp32&from=TUy7fcxvhbTz4dVYCMJsFw%3D%3D%7CZz0umwfZoYI4FUdeZOZ5jQ%3D%3D,1320383,233879
Fixing My Brain,Brad Sucks,I Don't Know What I'm Doing,239,https://prod-1.storage.jamendo.com/?trackid=30060&format=mp32&from=n3wVl1lK63paCnhyqknZXA%3D%3D%7C5LWvbD09LQgp3n%2FhTndF5Q%3D%3D,30060,3798
Tortoise,Julius Nox - Giulio's Page,Tortoise,212,https://prod-1.storage.jamendo.com/?trackid=1510652&format=mp32&from=dDxqBSrWsh3tkULIvkzJuQ%3D%3D%7CThckw%2BWB1A7mBytb9qG8gg%3D%3D,1510652,237782
Get Up,LongTriggerMusic,LóngTrigger - Superstar,295,https://prod-1.storage.jamendo.com/?trackid=374835&format=mp32&from=HFR5nvfQGqd0koknxA67RA%3D%3D%7CqivQ4CQNmwzrMtpZYa7%2F6g%3D%3D,374835,47891
Accelerated Lifestyle,Revolution Void,Increase the Dosage,490,https://prod-1.storage.jamendo.com/?trackid=15663&format=mp32&from=b3adAEQkS7ejalbzp1PJeg%3D%3D%7CRknOekf1IiGcfMOwNINR%2BQ%3D%3D,15663,2225
Bad Attraction,Brad Sucks,I Don't Know What I'm Doing,195,https://prod-1.storage.jamendo.com/?trackid=30061&format=mp32&from=vu%2BiE%2F7%2FCPvWGCq%2FvUebrg%3D%3D%7CSFokP%2FqAwZALrYiqe8ONXw%3D%3D,30061,3798
Likely Story,Great White Buffalo,Great White Buffalo,223,https://prod-1.storage.jamendo.com/?trackid=1031200&format=mp32&from=TVmNz6l7noCGu55GV5sxbQ%3D%3D%7CgKheC0MwsKmWKv82ic1ZIQ%3D%3D,1031200,121321
Flying on a Cloud,John Dada & the Weathermen,The Green Waltz,128,https://prod-1.storage.jamendo.com/?trackid=242640&format=mp32&from=qRIojCMhBvONKuP92Kfr4g%3D%3D%7CyHkEl02NGiEu34bM%2BcHL%2Fw%3D%3D,242640,35540
Dj Rostej - Forgotten Melody,Dj Rostej,Secret Sorrow,232,https://prod-1.storage.jamendo.com/?trackid=1073214&format=mp32&from=LnkesC1ALPb6rPKK838G3g%3D%3D%7CVM4K1HsMAlEOohNNOvboew%3D%3D,1073214,127485
Sailboat Bed,The Devil Music Co.,Sailboat Bed,240,https://prod-1.storage.jamendo.com/?trackid=1553500&format=mp32&from=WeFqKJ6UJLac9%2FEjxbQCfw%3D%3D%7CsQjAI4fJ3QKdftieNGNCrA%3D%3D,1553500,238511
Dreams About You,Volodymyr Gavrylyuk,Dreams About You,211,https://prod-1.storage.jamendo.com/?trackid=1431337&format=mp32&from=3ZfK8AQv0RMleAdf%2BZ4ZWA%3D%3D%7Ce1c8eRvOkC3GV%2F%2BebyZ1ZQ%3D%3D,1431337,333238
Learning to live,Galdson,Roots,299,https://prod-1.storage.jamendo.com/?trackid=14022&format=mp32&from=M3or3E9SD9CbCGS8dCHMIw%3D%3D%7CaUsAf7aInudgN4mb1mW6PA%3D%3D,14022,2007
Endless Waves,Spaneo,Endless Waves,409,https://prod-1.storage.jamendo.com/?trackid=1439149&format=mp32&from=6dzRCiOiobbXyt4pR6c5Yw%3D%3D%7C0D7hH2%2BVT7eLCwIQxkA5eg%3D%3D,1439149,218711
Life's Things,mindthings,Life's Path,192,https://prod-1.storage.jamendo.com/?trackid=34406&format=mp32&from=BuHnxI%2Bz3zts0OI2lv2JWg%3D%3D%7CzJtjvyzdDbDiHt6eo58tjQ%3D%3D,34406,4219
A Common Tale,Radio Star,A Common Tale,191,https://prod-1.storage.jamendo.com/?trackid=744648&format=mp32&from=LzKw%2BnoeuAII2I6ou6zxWw%3D%3D%7C7ODfIhbBPYs27NZR5Udbmw%3D%3D,744648,87005
Pyraminx,Roger Subirana Mata,Point of no return,331,https://prod-1.storage.jamendo.com/?trackid=168833&format=mp32&from=mjwpTBw8P7JiPYKLKIa4fQ%3D%3D%7CztpkvZsq33kGnfcG3FAZeg%3D%3D,168833,24858
Alone - Nehilo,Nehilo,Alone - Nehilo,167,https://prod-1.storage.jamendo.com/?trackid=1859499&format=mp32&from=W98gcp4EfGMdfEDH60rR3Q%3D%3D%7CpHZCaQi3GiUngqypP0oHbA%3D%3D,1859499,230172
Total Breakdown,Brad Sucks,Out of It,138,https://prod-1.storage.jamendo.com/?trackid=210913&format=mp32&from=jyuPAEV4uj99Yps9r45qyg%3D%3D%7C%2BfOE8XjJj5rLExsoNIdxJA%3D%3D,210913,31187
Borderline,Brad Sucks,I Don't Know What I'm Doing,196,https://prod-1.storage.jamendo.com/?trackid=30063&format=mp32&from=Sp6PPrBVFiRbvxKR9P%2Bwjw%3D%3D%7CQtMtjU0I5T4yBzbK3zsewQ%3D%3D,30063,3798
Stories from Emona VI,Maya Filipič,Between two worlds,320,https://prod-1.storage.jamendo.com/?trackid=196250&format=mp32&from=xddA8ZtWzMBwbH0sM539vg%3D%3D%7CPKB4FDRk5vIMvv4McIOMOQ%3D%3D,196250,29279
"From the Outside, Looking In",Fallen to Flux,"From the Outside, Looking In",257,https://prod-1.storage.jamendo.com/?trackid=1187643&format=mp32&from=P%2Fk7k82TlRiN2%2BFxVLNDpg%3D%3D%7CSnWVKj8248E1bC9CyQODXg%3D%3D,1187643,142938
I Think I Started a Trend,Brad Sucks,I Don't Know What I'm Doing,186,https://prod-1.storage.jamendo.com/?trackid=30064&format=mp32&from=tfpcxA7wT%2BMawTzY038wfw%3D%3D%7CRUraFIkm1ahqTasKPC3qkg%3D%3D,30064,3798
New Friends,Loudog,Waste Your Time,326,https://prod-1.storage.jamendo.com/?trackid=262988&format=mp32&from=RXMuwEk8VAkXLB3lsu%2Ftxw%3D%3D%7CdnILQMGtJvLdbAlbnDD4fA%3D%3D,262988,37526
Dirtbag,Brad Sucks,I Don't Know What I'm Doing,232,https://prod-1.storage.jamendo.com/?trackid=30067&format=mp32&from=JjyYnMkp0mbUdSSLh6ditw%3D%3D%7CdGtCvSBVxkHZjPA2281Hnw%3D%3D,30067,3798
Never Get Out,Brad Sucks,I Don't Know What I'm Doing,127,https://prod-1.storage.jamendo.com/?trackid=30065&format=mp32&from=2PEvwD02OedYnr9NJBHHPQ%3D%3D%7CRWUbxffxGRtofTuUTB%2ByDQ%3D%3D,30065,3798
Coal Train,Triplexity,Between Light And Shadow,360,https://prod-1.storage.jamendo.com/?trackid=121083&format=mp32&from=65AN60dTv6jyRe4Q1A8dGA%3D%3D%7C14H4zLwPDjS9Tu2MipXPvA%3D%3D,121083,16739
J'm'e FPM,TriFace,Premiers Jets,183,https://prod-1.storage.jamendo.com/?trackid=168&format=mp32&from=39WbSCjcr88n92cxyKWQzA%3D%3D%7Ca4a6TD7o%2BLrb51MpkSAWig%3D%3D,168,24
Life is good,Galdson,Roots,162,https://prod-1.storage.jamendo.com/?trackid=14015&format=mp32&from=gwj5mGdx8peLkUxjQbPErA%3D%3D%7CcMIzGGGosMzt2Wt%2BOYZuXw%3D%3D,14015,2007
Overreacting,Brad Sucks,I Don't Know What I'm Doing,214,https://prod-1.storage.jamendo.com/?trackid=30066&format=mp32&from=WiD87xCNNN%2BRkP5WJRrMKQ%3D%3D%7Ck7YeHkoje2tyNcEVMla8eg%3D%3D,30066,3798
Be Brave (feat. Norine Braun),Antony Raijekov,See U,246,https://prod-1.storage.jamendo.com/?trackid=25707&format=mp32&from=wXFYjuhTTMzooaq0I5BqjQ%3D%3D%7CSn2wjE1qonnJpGxUeHY6lQ%3D%3D,25707,3529
My World,WE ARE FM,Season One,202,https://prod-1.storage.jamendo.com/?trackid=887208&format=mp32&from=oyleVc%2FiGNPkNjiYrFCEWg%3D%3D%7ChidIXM6N9s1MHT%2F4WKcBYg%3D%3D,887208,104336
Time to Take out the Trash,Brad Sucks,I Don't Know What I'm Doing,171,https://prod-1.storage.jamendo.com/?trackid=30068&format=mp32&from=QyDPdH90DG2z48jSOGDvqQ%3D%3D%7CFg2NqsBS4betxOJDx6Rmmg%3D%3D,30068,3798
Prelude in G major,Maya Filipič,Between two worlds,134,https://prod-1.storage.jamendo.com/?trackid=196259&format=mp32&from=HsuwK9A4VVsxFClCSrMRkg%3D%3D%7COzEvTOaz53wD%2BJmNOQVL3A%3D%3D,196259,29279
Work out Fine,Brad Sucks,I Don't Know What I'm Doing,252,https://prod-1.storage.jamendo.com/?trackid=30069&format=mp32&from=f053yLs%2B0daFclqtEcmZ9Q%3D%3D%7CjUaHBVqphiKabv8z6jHmcQ%3D%3D,30069,3798
Chikki Boom,Anny Sky,New Trend,175,https://prod-1.storage.jamendo.com/?trackid=1187978&format=mp32&from=H5VuwSIpi6ScKvJh%2BBfNNQ%3D%3D%7CZSslyu8I7%2F7xlFcEGqLxXA%3D%3D,1187978,142986
By Your Side by Mallz & Deron Alek,Cartel,By Your Side by Mallz & Deron Alek,165,https://prod-1.storage.jamendo.com/?trackid=1593685&format=mp32&from=eUJbCUcUOs3HQWioq4ybew%3D%3D%7CshinRhscjO0imCqSeEHMgw%3D%3D,1593685,339063
Skylight,Iris Bevy,Skylight,310,https://prod-1.storage.jamendo.com/?trackid=1565363&format=mp32&from=Pka91Yxia99ECysSK0RkFw%3D%3D%7Cd2Cy3HYWGokj4ACc33EtXA%3D%3D,1565363,272990
Feel,The.madpix.project,Feel,220,https://prod-1.storage.jamendo.com/?trackid=1291146&format=mp32&from=rXXAJwda8MYaLvqksTCuCw%3D%3D%7CiJZiNyzku91skYBIFD6tdw%3D%3D,1291146,153760
Skibidubap,Potta la motta,Skibidubap,127,https://prod-1.storage.jamendo.com/?trackid=1188837&format=mp32&from=2z3XV1wiOiX0lC6ynIijvg%3D%3D%7C%2FEoJFMfx1q%2BhHslTJu48WQ%3D%3D,1188837,253905
Detroit,Great White Buffalo,Fangs,206,https://prod-1.storage.jamendo.com/?trackid=1198381&format=mp32&from=KcyzvbXPzUc0IBMglpnufA%3D%3D%7CcANr%2Fanfqb8KZSYhZKMapA%3D%3D,1198381,144159
Sea heart,Galdson,Roots,155,https://prod-1.storage.jamendo.com/?trackid=14018&format=mp32&from=aZz%2FSL0fI%2BreNupmJ0PW9w%3D%3D%7CKCtKvh%2F7h2ES1eEyH0N5Cw%3D%3D,14018,2007
keiss - Life as a Vital Amount,Tunguska Electronic Music Society,Point: Beshtau,304,https://prod-1.storage.jamendo.com/?trackid=1460440&format=mp32&from=ZgM78rjbrVrU2zwia3ktmg%3D%3D%7Cpb%2FHKV7VZ1rGpB25Z0xI%2Fw%3D%3D,1460440,169468
Third Awakening,Project Divinity,Divinity,365,https://prod-1.storage.jamendo.com/?trackid=18236&format=mp32&from=AiAZK43iXcd5XLigiYOhjA%3D%3D%7CSftKTQi7iL5OsU%2F6EedHiQ%3D%3D,18236,2572
Stories from Emona V,Maya Filipič,Between two worlds,303,https://prod-1.storage.jamendo.com/?trackid=196225&format=mp32&from=St%2FWPgK9FFu%2F6lkW%2FkoOYw%3D%3D%7CMmIFDtmduY4B0xcHnmn0mw%3D%3D,196225,29279
"YO QUIERO BEBER - Pueto pa lo mio records Presenta - Marshall Aquicci ft AllGenius - (Musica urbana, latin, latin urban, bass)",PUETO PA LO MIO RECORDS,YO QUIERO BEBER - Pueto pa lo mio records Presenta - Marshall Aq,192,https://prod-1.storage.jamendo.com/?trackid=1876747&format=mp32&from=zhlLAW8R1GNZzeew2LNSVg%3D%3D%7CRtI0chRgePoI9QltOTx6ZQ%3D%3D,1876747,451723
After Hours,sion,Smoky Jazz Dub,494,https://prod-1.storage.jamendo.com/?trackid=33765&format=mp32&from=GsfBD85VWWusc2LRHlLFBg%3D%3D%7C%2FY7q%2FKYwTXOTcMNlDf%2FK5A%3D%3D,33765,4153
Gotta Love Me - Produced by Golden Day,Kellee Maize,The 5th Element (2014),258,https://prod-1.storage.jamendo.com/?trackid=1100506&format=mp32&from=6HJTm%2FdnLanQiYNZOUmxYg%3D%3D%7ClDz%2BfbIE22h9imBBSKyxlA%3D%3D,1100506,131319
Fill the Space,Wordsmith,Fill the Space,184,https://prod-1.storage.jamendo.com/?trackid=1490068&format=mp32&from=gJBHsrOuN2dU1q5RjNg1Gg%3D%3D%7CwNn80WE9IzZCLm6BHnPIBw%3D%3D,1490068,302994
Don't Wanna Go,THE DLX,Don't Wanna Go,183,https://prod-1.storage.jamendo.com/?trackid=1662389&format=mp32&from=M06p%2FgR%2BknLhe8VWKA7yxw%3D%3D%7CH5sEdfJ9cF7atAWfVWV1pw%3D%3D,1662389,284440
Inside a Cocoon,Project Divinity,Divinity,330,https://prod-1.storage.jamendo.com/?trackid=18232&format=mp32&from=Y%2BX6d2rUZsmLglbqNUbeZQ%3D%3D%7Cta6JzLW7hba7AFkqWZ%2FxGw%3D%3D,18232,2572
Fake It,Brad Sucks,Out of It,214,https://prod-1.storage.jamendo.com/?trackid=210909&format=mp32&from=dHffUryn63FaZ5JjnadMww%3D%3D%7CB8WS2SM26NwbJULobUNhnw%3D%3D,210909,31187
The Dreamer's Overture,JT Bruce,The Dreamer's Paradox,297,https://prod-1.storage.jamendo.com/?trackid=24034&format=mp32&from=EyGAVz1OAa%2F4Qe0pQy1SyA%3D%3D%7C6tEPMRXDr4klVNRDPgadjg%3D%3D,24034,3317
Just For A Second,The.madpix.project,Just For A Second,194,https://prod-1.storage.jamendo.com/?trackid=1404737&format=mp32&from=azP6s%2FCcRR0MXod93wNGMQ%3D%3D%7C9gJ575CIROsBlUjxqr0CYQ%3D%3D,1404737,164266
La sixième porte de Shanaaghar,Greg Baumont,Wood,250,https://prod-1.storage.jamendo.com/?trackid=2164&format=mp32&from=XYTwRdP5gPebk1j31ju8yw%3D%3D%7CR1gVYWrVtBlVrJH6oS6SpQ%3D%3D,2164,347
Broken Love,Yigit Atilla,Broken Love,179,https://prod-1.storage.jamendo.com/?trackid=1912687&format=mp32&from=8lHZwUpZ703cmUS0GcJSAA%3D%3D%7CsCZVieGyP7L3G3TgOfRxLA%3D%3D,1912687,467905
Future Remix,Kellee Maize,Aligned Archetype (2010),260,https://prod-1.storage.jamendo.com/?trackid=520924&format=mp32&from=bwjr5gpnuRlfO6NBPhAn9A%3D%3D%7CubTx6tym7ae3sZVH80aLXw%3D%3D,520924,60891
White Lilac,Novye Valtorny,White Lilac,192,https://prod-1.storage.jamendo.com/?trackid=1893036&format=mp32&from=U1BxFQb%2BsYIqkR8LT6Gw4w%3D%3D%7CU9%2FNoKt7Stj%2BCvdVhKh1Ng%3D%3D,1893036,458728
One Day,Melanie Ungar,What Is Love,232,https://prod-1.storage.jamendo.com/?trackid=1204667&format=mp32&from=c%2FdLsCakBqYuyIR5xGdHZQ%3D%3D%7CvkCnWa2xyCJeFenIcU996w%3D%3D,1204667,144705
Epic Action Hero,Akashic Records,Epic Action Hero,145,https://prod-1.storage.jamendo.com/?trackid=1154518&format=mp32&from=Ri%2BmgrmCjdcoGz%2F2NmGGwA%3D%3D%7C0Twu9PqMsNJnnk7cNt7f6A%3D%3D,1154518,138492
Heathrow,Slim,Interstate Medicine,233,https://prod-1.storage.jamendo.com/?trackid=22265&format=mp32&from=trDJ1bRccSWEQdH02n4Rrw%3D%3D%7CVmlHSzk51NrLh5UcAjFE7A%3D%3D,22265,3100
Infinity,Marco Margna,World Colors,116,https://prod-1.storage.jamendo.com/?trackid=1160272&format=mp32&from=AS672jSdMgq%2FDgEgfhUvxA%3D%3D%7CaAMz1PayrEfJQycOIvkSwg%3D%3D,1160272,139335
Pablito's Way,Paolo Pavan,Looking for a Way Out,200,https://prod-1.storage.jamendo.com/?trackid=395292&format=mp32&from=J7%2FQ9le5%2BXzpd0ej2680%2Fg%3D%3D%7CUzMOiy9oQWtoJLpPigpTPQ%3D%3D,395292,49558
Burn Together,Pokki DJ,Burn Together,156,https://prod-1.storage.jamendo.com/?trackid=2000103&format=mp32&from=5%2FzqKgn4CtaQHMChJAy2gA%3D%3D%7CLd3jovbSq6G7sKKFFWSxSA%3D%3D,2000103,508893
Family,Rob Costlow,Sophomore Jinx,299,https://prod-1.storage.jamendo.com/?trackid=5801&format=mp32&from=AuqLZ5jDe5c2cnk8%2F5ulqg%3D%3D%7CCZT31eVSCt%2BiomIpkQ49lw%3D%3D,5801,889
Balança,Fluxo,"FLUXO - Prévia Do Amanhã - Instrumental Session [PTDM 010, 2008]",217,https://prod-1.storage.jamendo.com/?trackid=179677&format=mp32&from=9J0zq88zAJ3E0lbTNZIlrA%3D%3D%7CwKysaAcBFUVr%2Br0aYdXlPg%3D%3D,179677,26745
A piece of heaven,Roger Subirana Mata,Point of no return,191,https://prod-1.storage.jamendo.com/?trackid=168949&format=mp32&from=xdkwi0tR1FVM4R%2Fg4m9aeQ%3D%3D%7CbsEluZbQ7nGVPJiR3Tol8A%3D%3D,168949,24858
Go Away,The.madpix.project,Go Away,270,https://prod-1.storage.jamendo.com/?trackid=1188241&format=mp32&from=RCW%2FW5htGvkxh47kuMyWwA%3D%3D%7CEDjdn6J89BsyHRD%2Bf3HFcg%3D%3D,1188241,209014
Serenity,TheVicious,The Beginning,255,https://prod-1.storage.jamendo.com/?trackid=1135319&format=mp32&from=nDxxenhazv4G8FkAwCqTOg%3D%3D%7Cd5MdpR676jtV9uIg9n%2ByYw%3D%3D,1135319,136292
Certain Death,Brad Sucks,Out of It,229,https://prod-1.storage.jamendo.com/?trackid=210908&format=mp32&from=7rgTbc3kI3p93gJuPZZ%2BdA%3D%3D%7CAIPcVo0Y%2FV6BnBzrmwxzJQ%3D%3D,210908,31187
Dj Rostej - Love Me...,Dj Rostej,Jane,512,https://prod-1.storage.jamendo.com/?trackid=1230713&format=mp32&from=%2BnBUQ8j9BJhxU1AAYOTmIQ%3D%3D%7CA8E3T0kKu%2FlQmw%2BQrQ1OzQ%3D%3D,1230713,145744
Golden,Neon NiteClub,Golden,207,https://prod-1.storage.jamendo.com/?trackid=1834866&format=mp32&from=GWSTMHfr0Jy%2FNh4YoQkzaw%3D%3D%7Cm%2FxY6QPU6bv5pzUPZnVLlQ%3D%3D,1834866,269111
Triumphant,Axl & Arth,Triumphant,203,https://prod-1.storage.jamendo.com/?trackid=1672065&format=mp32&from=BC6h%2BRxYLmA9HGDwPgmSIw%3D%3D%7Cdi9uf4C2QURodxbF44AGCw%3D%3D,1672065,293268
plaid shirt (revisited),Ton,Naïve waves,82,https://prod-1.storage.jamendo.com/?trackid=944914&format=mp32&from=oNBLOEIU1T1vhbNuxNjq%2Fg%3D%3D%7Cwzj3p6F5Ak2AgzumJHyjkg%3D%3D,944914,110987
Playing together,Galdson,Roots,154,https://prod-1.storage.jamendo.com/?trackid=14019&format=mp32&from=d5smSvRDiixV5P6fBrWUAw%3D%3D%7C3I%2BywTmvwREBwSH510m%2FIA%3D%3D,14019,2007
Burning Bright,Jon Maurer,I. (Fire),220,https://prod-1.storage.jamendo.com/?trackid=1230669&format=mp32&from=BpGiAsDWr%2FpVRgXIf45DsQ%3D%3D%7Cji%2BwSk6%2Ba6TEMAnb1OgPvQ%3D%3D,1230669,147582
On the Run,J.L.T,Moving,166,https://prod-1.storage.jamendo.com/?trackid=980882&format=mp32&from=APFR8lZJ432b8UvrJ8CeFQ%3D%3D%7CKF7Q7NBggymQtPxjZfNnow%3D%3D,980882,115515
Epic Movie,soundbay,Epic Movie,164,https://prod-1.storage.jamendo.com/?trackid=1318712&format=mp32&from=AqPvIkhCW6M6aSVA2Qh68Q%3D%3D%7ClqrCsFEyCWwcL1pw%2Fl%2Fp9w%3D%3D,1318712,291111
the plan - stoneface priest,stonefacepriest,the plan original version wav.,240,https://prod-1.storage.jamendo.com/?trackid=1885367&format=mp32&from=ujt%2B8%2BTLRvZZq%2BT3pF6lHA%3D%3D%7C3I2nq3JVgDkaZBgdNt0nEg%3D%3D,1885367,454820
Un Ratito Nama (Prod: Duran The Coach),Lessky,Un Ratito Nama (Prod: Duran The Coach),180,https://prod-1.storage.jamendo.com/?trackid=1879649&format=mp32&from=IDPPBWZmQyPLiErRzgcWLQ%3D%3D%7CQAMt5nLqcQqbMrwy1O4%2Bjw%3D%3D,1879649,452244
Casa Noir,Quantum Jazz,Hand In Space,296,https://prod-1.storage.jamendo.com/?trackid=355486&format=mp32&from=NduhnYP5HeXOcbVNNq1oPA%3D%3D%7CJJQAL9HaUfqSZg650hzDxQ%3D%3D,355486,46377
The River,Stingray SZN,Summer All the Time,289,https://prod-1.storage.jamendo.com/?trackid=1933339&format=mp32&from=NcmQL43rhXRjp9Gyj6DpRQ%3D%3D%7CEfxhIQ2XDL%2Bq%2FGZLkjBcug%3D%3D,1933339,477560
Modern Garage Rock,Seastock,Energetic Rock,131,https://prod-1.storage.jamendo.com/?trackid=1189942&format=mp32&from=P37M0ZLGEKokzpTVLSJvyA%3D%3D%7Cjnj%2FrP02WZdhF352XV%2BlHA%3D%3D,1189942,143224
Out of It,Brad Sucks,Out of It,219,https://prod-1.storage.jamendo.com/?trackid=210915&format=mp32&from=JnC%2F4emyoi6fMNdYU2jUkg%3D%3D%7C93Fzy2kbaIGOkv85mivDAQ%3D%3D,210915,31187
Sofa,Dazie Mae,Velvet Dress & Stockings,248,https://prod-1.storage.jamendo.com/?trackid=457120&format=mp32&from=zqZiCQRUb5793%2F4sfis4Rw%3D%3D%7Cifkk02B6%2F0nAJJQCjmgb%2Fg%3D%3D,457120,54604
Get Back In Line,Julandrew,Sings Your Favorite Songs II,316,https://prod-1.storage.jamendo.com/?trackid=356987&format=mp32&from=UtYzap5%2FtggKYmS5XqR3Kw%3D%3D%7C0y8CKszHz2owNQAfE5ISAQ%3D%3D,356987,46486
Meine Matrix,Peter Pumberger,Meine Matrix,170,https://prod-1.storage.jamendo.com/?trackid=1092251&format=mp32&from=8kfElQUzpDvClJs2asLEWw%3D%3D%7Co7qUIObuOJIZVTZNUPG90w%3D%3D,1092251,130185
Shine,Circa Vitae,CIRCA VITAE ep,170,https://prod-1.storage.jamendo.com/?trackid=248375&format=mp32&from=Rrt%2FNewjlim2dpb2388TrA%3D%3D%7CmIbppWbji3KY4v61EEDSNw%3D%3D,248375,35849
Constellation,Reno Project,1.0,345,https://prod-1.storage.jamendo.com/?trackid=161538&format=mp32&from=ImHwKvei8EgJ53ddMZtQOA%3D%3D%7Cql9%2Fy62aPuW%2BhoakAWy1jQ%3D%3D,161538,23661
The Journey,atw,The Journey,348,https://prod-1.storage.jamendo.com/?trackid=1135054&format=mp32&from=f5o0uRGWN35frZYLCkpEJg%3D%3D%7C9h%2FYEvpGHGVX9m2r1bgoGA%3D%3D,1135054,136238
Chocolate,Alfonso Lugo,Chocolate,189,https://prod-1.storage.jamendo.com/?trackid=1823379&format=mp32&from=g%2BueP17XMT4QoLAlACyfhQ%3D%3D%7CI5pHS%2BTevHXYJkUFPtH0Bw%3D%3D,1823379,253357
Epic Cinematic,soundbay,Epic Cinematic,141,https://prod-1.storage.jamendo.com/?trackid=1738418&format=mp32&from=airBlyuWLgdkYIfJh6TGvg%3D%3D%7CQVRF%2BPeRRVlb1PAvOx0lJw%3D%3D,1738418,367412
Cheerful Lighthearted Pop-Rock,Akashic Records,Cheerful Lighthearted Pop-Rock,145,https://prod-1.storage.jamendo.com/?trackid=933733&format=mp32&from=RQ0WEg7HJNe0BWec6mLB2A%3D%3D%7CbzwckJgSOkobg91QPoePZQ%3D%3D,933733,109570
Anything But Everything,Color Out,Color Out EP,236,https://prod-1.storage.jamendo.com/?trackid=1254630&format=mp32&from=3bwXDDqjjsmEl5Kt5820Iw%3D%3D%7C7b2gnvznp2uyveyD7PqREg%3D%3D,1254630,150083
Earthbound,Jill Zimmerman,Earthbound,218,https://prod-1.storage.jamendo.com/?trackid=1051196&format=mp32&from=jYDGaZKfSm714Us3iCcoaQ%3D%3D%7CLPan09T2YzHgcX7d1SR2Pw%3D%3D,1051196,123814
Ignite,The Spin Wires,The Spin Wires EP,141,https://prod-1.storage.jamendo.com/?trackid=1466890&format=mp32&from=67wQOhXML%2FxGhq5MlZxHaQ%3D%3D%7C3JuEmEtc1uS55dRcP16zRg%3D%3D,1466890,170073
Talons aiguilles,Law',Sans gêne ni oxygène,179,https://prod-1.storage.jamendo.com/?trackid=964538&format=mp32&from=BrDo7lg4spHJRILXT4j6uA%3D%3D%7CBQa1CQKtOIYSjT9zSwV0kQ%3D%3D,964538,113423
Baila,Alfonso Lugo,Baila,210,https://prod-1.storage.jamendo.com/?trackid=1890762&format=mp32&from=o1H587g0FkydEkYOIOXlpQ%3D%3D%7CbfmaJRpZR3L5eGkou5k%2BUQ%3D%3D,1890762,459273
Dile Cuanto la Quiero,Igmar,Dile Cuanto la Quiero,174,https://prod-1.storage.jamendo.com/?trackid=1892110&format=mp32&from=gnwBUzFouTcScUrjXHCOow%3D%3D%7CHso7D6pxQkLTyulshObbLA%3D%3D,1892110,458286
On Repeat,Seth Power,On Repeat,194,https://prod-1.storage.jamendo.com/?trackid=1925220&format=mp32&from=nRhzIq7HAEcu%2FKaTe9FCTQ%3D%3D%7CbbF7F954bUuvEfsTzvMAqw%3D%3D,1925220,474324
Wake Up,Square a Saw,Wake Up,162,https://prod-1.storage.jamendo.com/?trackid=1672835&format=mp32&from=RnD5x2%2BTkU9uzDISdFqaVQ%3D%3D%7C0a5u4iZmqT0MMslxqW1y4w%3D%3D,1672835,317441
Lung Bubbles,Professor Kliq,Community Service II,319,https://prod-1.storage.jamendo.com/?trackid=443370&format=mp32&from=HGOgjECeWMCddj2HSeQT6w%3D%3D%7CWtcs2bgPbxajcpPK6hnSNA%3D%3D,443370,53465
The Statement,Wordsmith,The Statement,171,https://prod-1.storage.jamendo.com/?trackid=1468287&format=mp32&from=GGvfuidHmnZsDEaAzmIOzg%3D%3D%7CwmTsQeP2F8RiyQCsYqrgEw%3D%3D,1468287,299554
04 - Through The Night,Paolo Pavan,INSIDE,338,https://prod-1.storage.jamendo.com/?trackid=114780&format=mp32&from=XuECZExMipTqZqHn6cMMvQ%3D%3D%7CVoFFZQ9eVDLeJqrqgOqW7w%3D%3D,114780,15112
Nostalgia,Sam Garbett,Nostalgia,255,https://prod-1.storage.jamendo.com/?trackid=1430842&format=mp32&from=%2BRBk1w28w7ygvWcJd57Fqw%3D%3D%7CGGXybRIhOri8A1kT4WUnpA%3D%3D,1430842,265022
Summer Love,Housewell,Summer Love (Single),228,https://prod-1.storage.jamendo.com/?trackid=523108&format=mp32&from=tROZ%2ByjrqXRkn40ZpJUY6g%3D%3D%7CX7ktUvcp59tcKgqOJ7pOMg%3D%3D,523108,61131
Our Universe,Professor Kliq,Community Service II,123,https://prod-1.storage.jamendo.com/?trackid=443376&format=mp32&from=9CUnZdatca28NR78tXugMA%3D%3D%7Cjiz9mimMIpFo7iMfwqYABg%3D%3D,443376,53465
Meant To Be This Way,Square a Saw,Meant To Be This Way,154,https://prod-1.storage.jamendo.com/?trackid=1857587&format=mp32&from=0YLpAU9PfX80FaGEpt7N%2BQ%3D%3D%7CFrtk7iRG8mF6XQQK1MZJXg%3D%3D,1857587,350555
Dewey Square,Hugo 'Droopy' Contini,Surpriscording,281,https://prod-1.storage.jamendo.com/?trackid=159010&format=mp32&from=onHOnBdfBVxj%2FVx62ldAQg%3D%3D%7CAx79GoMhOHdZ%2FmSLbpkZXQ%3D%3D,159010,22837
London Again,The League,The Soundtrack Of Your Summer,212,https://prod-1.storage.jamendo.com/?trackid=319980&format=mp32&from=JLOSYSHu%2FTAQrsJsl%2FPLcw%3D%3D%7CcI97O%2BnCYcDmHRWZwm8Hjg%3D%3D,319980,43184
The Summer Rain,Satya,Memoirs of a World Traveller,246,https://prod-1.storage.jamendo.com/?trackid=725212&format=mp32&from=gcHyuUtsK%2Br8%2FJYcZMIzKQ%3D%3D%7CKyXoxyamPYFG3rj35iAEVw%3D%3D,725212,84719
Like The Sun,Explosive Ear Candy,Like The Sun,192,https://prod-1.storage.jamendo.com/?trackid=1396495&format=mp32&from=i3n1k7CNWBzf76PjI4vmxw%3D%3D%7ClbRyRj1cUa%2BcaMxY%2FnDiPA%3D%3D,1396495,299180
Dinner for One,Amity in Fame,Dinner for One,219,https://prod-1.storage.jamendo.com/?trackid=188739&format=mp32&from=r5ZgR6AUnCJDn%2BQGsQ%2BLqg%3D%3D%7CZee613z0E5GXP3XCJZDwvw%3D%3D,188739,28245
Urban,Reno Project,1.0,216,https://prod-1.storage.jamendo.com/?trackid=161546&format=mp32&from=Ih%2FJ2eY7Q4435ErPOJDTGg%3D%3D%7CuLv%2FQI9SscPCd%2FWA0gLQnQ%3D%3D,161546,23661
Prometheus (Inspirational Electronic),ANtarcticbreeze,Prometheus (Inspirational Electronic),235,https://prod-1.storage.jamendo.com/?trackid=1229086&format=mp32&from=lvQkqHpdzchIczuxU4Y8sA%3D%3D%7Cnqt5TupNokZJlgjIXM2%2BBQ%3D%3D,1229086,376188
I Do,Rob Costlow,Sophomore Jinx,207,https://prod-1.storage.jamendo.com/?trackid=5793&format=mp32&from=cSILoO7Yr1bHoC0ai8dtaw%3D%3D%7CwnEdWZrNDOxukIA%2FQ5ourg%3D%3D,5793,889
Sun Tour,Mike Link/Harvey Taylor,Beat Elementals,267,https://prod-1.storage.jamendo.com/?trackid=165081&format=mp32&from=Fd2X%2FYCNhBcwx7KYYxZ2YQ%3D%3D%7CC9akr04LDWr14n1Ik%2BMLZQ%3D%3D,165081,24185
To Be a Master P.,Boom Boom Beckett,Boom Boom Baby,307,https://prod-1.storage.jamendo.com/?trackid=1247308&format=mp32&from=h0A8ZnqukG5tFbqSdu04Fg%3D%3D%7CdtFlR0N9eZ2GLA2oHfucjQ%3D%3D,1247308,149433
La face cachée de la lune,Greg Baumont,Wood,259,https://prod-1.storage.jamendo.com/?trackid=2171&format=mp32&from=6GEzpKqz9gjhJnItAK1zgw%3D%3D%7CjysaqBZKBpmw9yuDUNB7dQ%3D%3D,2171,347
Third Eye,Kellee Maize,Aligned Archetype (2010),278,https://prod-1.storage.jamendo.com/?trackid=520993&format=mp32&from=rx5tQfIDMd6ovfPT3NT%2B2A%3D%3D%7CjjNEF%2FEhCxQr4oTE8yOp8Q%3D%3D,520993,60891
Between The Cradle And The Grave,Heifervescent,Evolution Gains Again,192,https://prod-1.storage.jamendo.com/?trackid=1207987&format=mp32&from=sKRmwG%2Bp%2FBo4cmo1lUJg3Q%3D%3D%7CAVeBnQcNUsE2HwPUJ0NYQw%3D%3D,1207987,145084
Kind of light,Dofhei Project,Samsara Sex Flow,268,https://prod-1.storage.jamendo.com/?trackid=1414831&format=mp32&from=gaaNW23cOG09UWy4%2F3TPRA%3D%3D%7CatIw%2BUEJPaLAZooQHMVSpQ%3D%3D,1414831,165187
BASXHKZIR - I Need You Love,BASXHKZIR,BASXHKZIR - I Need You Love,129,https://prod-1.storage.jamendo.com/?trackid=2028500&format=mp32&from=Ilo64V0CTfL%2BC7v9chZr5A%3D%3D%7CaIaftgGdzrWH8ln8MFuiMA%3D%3D,2028500,519983
26 Spyhnx ( House Mix ),Hasenchat,Techno Trax - Episode 3,394,https://prod-1.storage.jamendo.com/?trackid=1212705&format=mp32&from=4MLUo0raxe9rRyu13uOZug%3D%3D%7C1yJRbdiOcjyDFoOpqeQp5w%3D%3D,1212705,145605
Ordinary World,JT Bruce,The Dreamer's Paradox,347,https://prod-1.storage.jamendo.com/?trackid=24035&format=mp32&from=4mAlFGMBoFJNb64jPw9kKw%3D%3D%7CLZmD1qoUlcszBSst6r5L5Q%3D%3D,24035,3317
Riega's Bad Habit,Professor Kliq,Community Service II,170,https://prod-1.storage.jamendo.com/?trackid=443383&format=mp32&from=DKVZ3J2zYflqmSymovmdJw%3D%3D%7CpACUxiy1l0N%2Bzjjwf4MbIQ%3D%3D,443383,53465
Silence,Arom,Arom,281,https://prod-1.storage.jamendo.com/?trackid=1920679&format=mp32&from=ezJpLrNxQoOCuWYRekeD9w%3D%3D%7CX%2BwC2bU5SvtuFzYhzA%2FekQ%3D%3D,1920679,473057
Festa - feat. NEGRO (LA CRUDA),Butumbaba,Majikakonvinazion,289,https://prod-1.storage.jamendo.com/?trackid=73422&format=mp32&from=Yd67VYRdKP1H3biTXLxqEQ%3D%3D%7CeD6EXN4ZTZXIdcZ7sJS23g%3D%3D,73422,6500
Your Happy Face,Alumo,Feeling Positive,156,https://prod-1.storage.jamendo.com/?trackid=1282300&format=mp32&from=vbHDjhRsmsyNpBuVCOOenw%3D%3D%7CBklHgG0wKvByRQnPaTWoCw%3D%3D,1282300,152936
Undercover,Neon NiteClub,Blue Electric Eyes,221,https://prod-1.storage.jamendo.com/?trackid=1575141&format=mp32&from=1OurWyRiKhIwv9MdHwJcEw%3D%3D%7C8GK4jJsFQb7EWkUV8rUz0Q%3D%3D,1575141,179244
Plunge Into Hyperreality,JT Bruce,The Dreamer's Paradox,291,https://prod-1.storage.jamendo.com/?trackid=24036&format=mp32&from=VfyhuhMQlyqybKYqEj6erQ%3D%3D%7CWqFw%2F4m234hMDqg%2FS5jYkw%3D%3D,24036,3317
cloudZzz,Dutilleul,cloudZzz,191,https://prod-1.storage.jamendo.com/?trackid=1394300&format=mp32&from=hXyKiI3v0BAe%2FTYte6XlAA%3D%3D%7CDw8JvO6phzQNmAbVUlsgJw%3D%3D,1394300,371379
Meditation,Potta la motta,Meditation,153,https://prod-1.storage.jamendo.com/?trackid=1184808&format=mp32&from=1hiFw0Fx75N71INVyEpaVA%3D%3D%7C%2Fgw3ZsEI9vQqyUwzKhaK9w%3D%3D,1184808,208873
Children of Sound,Project Divinity,Dharma Armada,223,https://prod-1.storage.jamendo.com/?trackid=496523&format=mp32&from=CZf9H%2Ftrx0NZePrAg2sy4A%3D%3D%7CxdCGQWO7cWRLBQFmRgKm%2BA%3D%3D,496523,58158
Skyline,Samie Bower,Skyline,173,https://prod-1.storage.jamendo.com/?trackid=1719234&format=mp32&from=0DYcnmqPdh23DXEKoSRLig%3D%3D%7CNIZdCDEqfjXZjLB9BzvgWA%3D%3D,1719234,317622
Fool's Gold,The Devil Music Co.,Fool's Gold,230,https://prod-1.storage.jamendo.com/?trackid=1576712&format=mp32&from=wQ3e%2F%2BqSMRHuwWGbRHcZWw%3D%3D%7C1F6QkR9NL%2FFOJiAK428Zvg%3D%3D,1576712,266618
Alfonso Lugo (Feat. Jasmine Crowe),Alfonso Lugo,Alfonso Lugo (Feat. Jasmine Crowe),180,https://prod-1.storage.jamendo.com/?trackid=1717130&format=mp32&from=JPTfLdHUUtBJmM7s4Un0qQ%3D%3D%7C%2FZCCtj5WZyS1M8gs97kfsw%3D%3D,1717130,227017
Ability,Borrtex,Ability,152,https://prod-1.storage.jamendo.com/?trackid=1451113&format=mp32&from=pZ1pvQIpb5zPxKLzTpnEDQ%3D%3D%7C8LqYzjn%2FUKIBzhRAhv7TNw%3D%3D,1451113,168640
Why,Greg Baumont,Wood,242,https://prod-1.storage.jamendo.com/?trackid=2168&format=mp32&from=Y9uu0nEs6EjDTnbMVLDmYA%3D%3D%7CYSReUM0e%2B5IpJvZkXp6ClQ%3D%3D,2168,347
Runaway Mustang,The Devil Music Co.,Runaway Mustang,199,https://prod-1.storage.jamendo.com/?trackid=2006249&format=mp32&from=VBSXxGzPnqHlT%2BVTxl%2FIiQ%3D%3D%7CGWO6mUt6lf67Lt2xrXMDSg%3D%3D,2006249,511228
Always,THE DLX,Always,195,https://prod-1.storage.jamendo.com/?trackid=1624864&format=mp32&from=U1vNZwgfAThcKlj1%2BdVcOQ%3D%3D%7C1XzX71vQ8dwyvdZ0i8ybbg%3D%3D,1624864,279132
Nachtmusik III,Max Waves,Nachtmusik,281,https://prod-1.storage.jamendo.com/?trackid=111570&format=mp32&from=XFNAAP0d7sb9G3aDIxydwQ%3D%3D%7Cxw1BupXdKQJguL1j7%2FVNXQ%3D%3D,111570,14072
Down,Reno Project,1.0,304,https://prod-1.storage.jamendo.com/?trackid=161539&format=mp32&from=Wn2DWZTU%2FZ1aLpMdVo7qZQ%3D%3D%7C88MbH9OI2UBeVjF3kl3vQw%3D%3D,161539,23661
Looking for a way out,Paolo Pavan,Looking for a Way Out,349,https://prod-1.storage.jamendo.com/?trackid=395291&format=mp32&from=%2BL2473ATX4RDZpe5CetHjA%3D%3D%7Cr%2B%2BaDA472ZuY2y1d80qp6w%3D%3D,395291,49558
Prévia do Amanhã,Fluxo,"FLUXO - Prévia Do Amanhã - Instrumental Session [PTDM 010, 2008]",176,https://prod-1.storage.jamendo.com/?trackid=179675&format=mp32&from=pQtZd4qHeH%2B49xQDsnoRJA%3D%3D%7CDTdrHXkvm510njkaT7eg0Q%3D%3D,179675,26745
Go to Sleep in Silence,Traffic In My Head,CDN,257,https://prod-1.storage.jamendo.com/?trackid=33322&format=mp32&from=dPZJ19Eg9rZ9NcdAMRmR7Q%3D%3D%7CllcKWlUBN63%2BiYAa4jR%2Fbg%3D%3D,33322,4117
Le nettoyeur,Greg Baumont,Wood,228,https://prod-1.storage.jamendo.com/?trackid=2165&format=mp32&from=BBLjopJLXwTJR6uX4ScZIg%3D%3D%7CtS9mOcTwoIn%2FbBbBOyBzjg%3D%3D,2165,347
Be Cool,Big Infinite,Be Cool,175,https://prod-1.storage.jamendo.com/?trackid=1507068&format=mp32&from=WtBzbQ0KAZxiWBxL7%2F5uBA%3D%3D%7Cm%2BHL9sYOVK0zto%2Fu1WRsHQ%3D%3D,1507068,220859
True Moment,The ARTISANS Beats,Two-Ply Tunes,237,https://prod-1.storage.jamendo.com/?trackid=1208442&format=mp32&from=KC%2FBvSa%2F7BeVM6JKNkSe8A%3D%3D%7CdZxF13YaUuZ5oQVuBR2GbA%3D%3D,1208442,145131
The Verge of Illusory Twilight,JT Bruce,The Dreamer's Paradox,527,https://prod-1.storage.jamendo.com/?trackid=24038&format=mp32&from=ixrvq6oRsoSUUv1cVT%2BBuA%3D%3D%7Ch4ZhVYOXUWAAS0CnMAjUGQ%3D%3D,24038,3317
Blue Field,mindthings,Resonance,201,https://prod-1.storage.jamendo.com/?trackid=423121&format=mp32&from=UzzkG1OPJxeErg%2BIUeK0uA%3D%3D%7C4%2FUZxraSyhWkRSUA2WyoZw%3D%3D,423121,51826
Bebe go,P Steve Officiel,Vision,177,https://prod-1.storage.jamendo.com/?trackid=1882912&format=mp32&from=uRjLRa7fEE65C9N7j0O%2B3Q%3D%3D%7Cn4G%2FlvFTTBvw9nqLWnPKbw%3D%3D,1882912,453642
Distance friend,Galdson,Roots,207,https://prod-1.storage.jamendo.com/?trackid=14017&format=mp32&from=KMeZitVujE4HhDnWjXFyMg%3D%3D%7C6OeBfzZUEB8NCD2l%2FfEdTA%3D%3D,14017,2007
i never do what you want,Lar Clobsay,I never do what you want,298,https://prod-1.storage.jamendo.com/?trackid=435886&format=mp32&from=%2FXUJMomGaesQIVeL1CqE3Q%3D%3D%7CQJGJfywak57e2NaC2ZsDLg%3D%3D,435886,52815
Pick me up,Black Ship,Pick me up,244,https://prod-1.storage.jamendo.com/?trackid=1352590&format=mp32&from=e22NlKs7LBW4%2BrVhHuwQ6w%3D%3D%7Cl4H9SpgJ96qiGYDNOahqDg%3D%3D,1352590,286900
Weekend,Hasenchat,Vocal House 7,335,https://prod-1.storage.jamendo.com/?trackid=1087437&format=mp32&from=n1qibJb21LOWFl9RFv0wug%3D%3D%7CtT6uObszj69WlcaxIn93lg%3D%3D,1087437,129641
Life By Proxy,JT Bruce,The Dreamer's Paradox,364,https://prod-1.storage.jamendo.com/?trackid=24039&format=mp32&from=EbBVvMr2C8WW3PX5VpnQhQ%3D%3D%7Ctt5JAN39IDh3S%2BWTk8DXbQ%3D%3D,24039,3317
Smile,Jasmine Jordan,Smile,212,https://prod-1.storage.jamendo.com/?trackid=1300140&format=mp32&from=xbHGT4T9VCAh2ExRj%2BVqDQ%3D%3D%7CYUoKPhXs3%2Fu1SX%2FzkOOBXw%3D%3D,1300140,154709
Mindcrawl,Professor Kliq,Community Service II,279,https://prod-1.storage.jamendo.com/?trackid=443377&format=mp32&from=tEElabnAYy4dlbQxfWizDA%3D%3D%7CEDWLGmRymDoHnczIQiA1ig%3D%3D,443377,53465
JekK  - Keep me Alive (After Lofi),JekK,On The Moon,164,https://prod-1.storage.jamendo.com/?trackid=1968662&format=mp32&from=3yVk80GJgFHKmaFaVsTORQ%3D%3D%7CvIdZqHwk%2Foxjz%2Bkq0KXE0g%3D%3D,1968662,493437
Better,Square a Saw,Better,159,https://prod-1.storage.jamendo.com/?trackid=1938879&format=mp32&from=59HGNv8VstkHZ%2BA6pJx1cw%3D%3D%7CGgKWsN4G5eCPfzs4zvkpWA%3D%3D,1938879,480080
Forever,Rob Costlow,Sophomore Jinx,308,https://prod-1.storage.jamendo.com/?trackid=5798&format=mp32&from=e1zWJXc%2BUpI3l4DI6eLiWg%3D%3D%7CJLI%2FNtS6ycrDtfu51xoMlQ%3D%3D,5798,889
Go,Josh Woodward,The Simple Life,226,https://prod-1.storage.jamendo.com/?trackid=162025&format=mp32&from=OQMBdCzg%2F5T3UjCjpsUDgg%3D%3D%7ChhJrjUaUXDML6AkA81soug%3D%3D,162025,23755
02 - Urban Slanging,Paolo Pavan,INSIDE,246,https://prod-1.storage.jamendo.com/?trackid=114772&format=mp32&from=Yn6JIDtNqZfLNImOThqzHA%3D%3D%7Ck7Zxj7HmlgwaWLBG6UiI0w%3D%3D,114772,15112
Find A Way,THE DLX,Find A Way,165,https://prod-1.storage.jamendo.com/?trackid=1791799&format=mp32&from=U21W6L%2Ba0MozvKPOVes4yQ%3D%3D%7CGV4874XHB73Fbr9IgNcKAw%3D%3D,1791799,289890
Perfume,Adult Only,Perfume,420,https://prod-1.storage.jamendo.com/?trackid=311483&format=mp32&from=M4%2BAPFzRKv7NS8bqDWYtGQ%3D%3D%7C6rnnMHqfwT09ppFQTdZ9Ww%3D%3D,311483,42179
Stars Of My Mind,mindthings,Above Everything,186,https://prod-1.storage.jamendo.com/?trackid=96718&format=mp32&from=gxy1sYCEeRwOTbu8H%2FAo%2FA%3D%3D%7CGFtSZwHAyXvjMwyDcLk8bw%3D%3D,96718,9958
Wearing Out,Katherine,Katherine EP,214,https://prod-1.storage.jamendo.com/?trackid=259288&format=mp32&from=bveATe6iA23esRtVE98aJA%3D%3D%7CyMUwUi90hryo6%2BMaBcDa6A%3D%3D,259288,37130
Respire ! (The dervish),Greg Baumont,Wood,302,https://prod-1.storage.jamendo.com/?trackid=2167&format=mp32&from=m2zjW3R%2FmyKjaPKS7YWOrQ%3D%3D%7CM8wr4DoqXeIOZgGCHisFQQ%3D%3D,2167,347
False Awakening,JT Bruce,The Dreamer's Paradox,352,https://prod-1.storage.jamendo.com/?trackid=24037&format=mp32&from=30zaRihu9npk6vHmf8E%2BdQ%3D%3D%7CdANKkfj2fe2SJllmeOnayg%3D%3D,24037,3317
"Nothing,With You",Smoking With Poets,"Nothing,With You",213,https://prod-1.storage.jamendo.com/?trackid=1945368&format=mp32&from=USixegtQqjIZHmoF4kEeSw%3D%3D%7CIjZ0SQWt4XBMSolqvb3efQ%3D%3D,1945368,482845
Pain of life,Drunksouls,On verra plus tard ...,220,https://prod-1.storage.jamendo.com/?trackid=6953&format=mp32&from=gXZhfqKm8ifuj0B8eOibpA%3D%3D%7C4fhhfQFt6rK6UEj1r7KK3w%3D%3D,6953,1052
Old times,Galdson,Roots,221,https://prod-1.storage.jamendo.com/?trackid=14014&format=mp32&from=TIKuZ%2F6oMAbqBwMR%2BtXmaA%3D%3D%7CWM34X1u2q%2FdImi3fVLKfKw%3D%3D,14014,2007
Night Train,Ocean Shiver,Night Train,286,https://prod-1.storage.jamendo.com/?trackid=1439915&format=mp32&from=tNMKH3D2JWoR%2BwdiR6krwQ%3D%3D%7CZxoGbn%2BKo0L7stVufPbkVQ%3D%3D,1439915,218740
Under My Red Carpet,The Morning Light,The Morning Light Project - Interface,220,https://prod-1.storage.jamendo.com/?trackid=793728&format=mp32&from=nktNcYzOqVnduTAoioF0bg%3D%3D%7CriioMHOryklvg%2BIM3D%2F6zQ%3D%3D,793728,93134
Lightin,Antony Raijekov,See U,186,https://prod-1.storage.jamendo.com/?trackid=25708&format=mp32&from=yp7jwtyodmsnGhfsGq30NQ%3D%3D%7C0MiLSvM2wQ9ogyxc9Zoikw%3D%3D,25708,3529
ON SALE,Golden Duck Orchestra,Golden Duck Orchestra 1st EP,220,https://prod-1.storage.jamendo.com/?trackid=1357553&format=mp32&from=nMJovWluB3kVwP1DCngkpw%3D%3D%7Cyn63J4GZTqTxGFpn9Elp%2Fg%3D%3D,1357553,159989
Sea Song,Alexander Blu,May,218,https://prod-1.storage.jamendo.com/?trackid=954&format=mp32&from=u5KXe6ho9AaYMR%2Fw4bGG4w%3D%3D%7CHL126%2FdXjGM14VmUwiIaRQ%3D%3D,954,149
Bliss,Rob Costlow,Sophomore Jinx,474,https://prod-1.storage.jamendo.com/?trackid=5797&format=mp32&from=Ux7YSNGm3Hwc1SehijWDbg%3D%3D%7CQ4lyyHX5Azm9POGklS0FQg%3D%3D,5797,889
On The Beach,Jonay,On The Beach,228,https://prod-1.storage.jamendo.com/?trackid=1107251&format=mp32&from=jj8dKzpk38bdzQGQGbtD2w%3D%3D%7C34eO%2FHakdAIsOso2phDXKA%3D%3D,1107251,132225
The Mind Split Asunder,JT Bruce,The Dreamer's Paradox,465,https://prod-1.storage.jamendo.com/?trackid=24041&format=mp32&from=ii4CcGjakWGV6iOuSjLxzg%3D%3D%7CSNmdHJSaUwURvL9WIqo5FQ%3D%3D,24041,3317
Supernova,Taras Stanin,Supernova,130,https://prod-1.storage.jamendo.com/?trackid=1926933&format=mp32&from=kRWrwnMbpxWuve5o5lnH8g%3D%3D%7CQ0Br74pNDnJuc9diN8Ad7A%3D%3D,1926933,475014
Why (Trance remix by Ilya Malyuev),Greg Baumont,Wood,293,https://prod-1.storage.jamendo.com/?trackid=2170&format=mp32&from=Lq8b%2BjspR2%2FkZrep8qt9Ug%3D%3D%7CNPzqhJrZZYvKQfoQyJmFtg%3D%3D,2170,347
Keep the Music Playing,sion,Re-Energise,125,https://prod-1.storage.jamendo.com/?trackid=45239&format=mp32&from=VkuKwUYXWa2eT2TKktYs8w%3D%3D%7C%2FmfGdxi89fPPzHoaq7q5oQ%3D%3D,45239,5417
Cloud Nine,Jeff Jacobs,Cloud Nine,279,https://prod-1.storage.jamendo.com/?trackid=1881376&format=mp32&from=TSBi9SxO7tSXjGGnRXFJHQ%3D%3D%7CezdwQn3k4UOIAnxHWpMsZQ%3D%3D,1881376,454993
Parasomnia,JT Bruce,The Dreamer's Paradox,367,https://prod-1.storage.jamendo.com/?trackid=24040&format=mp32&from=1CX3yF1aygaiA494d6HzNA%3D%3D%7CmVyCRJhZQ41hS13gyXATKg%3D%3D,24040,3317
Different Way,Antarhes,Breathin' Again,222,https://prod-1.storage.jamendo.com/?trackid=6177&format=mp32&from=dah26u30mYu26VJT5gsgBg%3D%3D%7Cb1catrzlvg%2FR3WDFeBsqxg%3D%3D,6177,953
Remind me,Elyes Landoulsi,My Perception,209,https://prod-1.storage.jamendo.com/?trackid=172326&format=mp32&from=Lw%2FSKpUHjUG5t4dfEXgWbA%3D%3D%7CZPXTaiGM5d%2BnRnyq8lXDvA%3D%3D,172326,25366
Head Over Heels,The Devil Music Co.,Head Over Heels,206,https://prod-1.storage.jamendo.com/?trackid=1765026&format=mp32&from=SHX%2Byxmx57C%2BpA6CUPG3tQ%3D%3D%7CpSfN5938MPR8Wb0Pf4Hd2A%3D%3D,1765026,320024
A Skeptic's Hypothesis,JT Bruce,The Dreamer's Paradox,437,https://prod-1.storage.jamendo.com/?trackid=24042&format=mp32&from=66WPz5mEV2YIpaEDr9UvAg%3D%3D%7CGAiyuWjyzPZJ7KJXXI0E7Q%3D%3D,24042,3317
Sugar,The Lxst,Thirty37Seven,268,https://prod-1.storage.jamendo.com/?trackid=1221203&format=mp32&from=Y85J8xU72LDdlBLHlzEtWQ%3D%3D%7CwnalQRZf5C25JcPGkq9%2BdA%3D%3D,1221203,146484
Upside Down,Dazie Mae,Velvet Dress & Stockings,226,https://prod-1.storage.jamendo.com/?trackid=457082&format=mp32&from=eKarsxMtHns9XkywN10LiQ%3D%3D%7C9yc0Fp5%2FBDSq2zqGqxb55A%3D%3D,457082,54604
Elucidation,JT Bruce,The Dreamer's Paradox,400,https://prod-1.storage.jamendo.com/?trackid=24043&format=mp32&from=L00Bot4OccMtU%2Fr4tAor2Q%3D%3D%7CMLKlc7rYMs1g5ai3K09h%2Bw%3D%3D,24043,3317
One Day We'll Be A Song,Explosive Ear Candy,One Day We'll Be A Song,255,https://prod-1.storage.jamendo.com/?trackid=1974740&format=mp32&from=wafdLMeYdAo5vAwCApQhsQ%3D%3D%7Cwidrnh5u0Txg2YWP9oH5Eg%3D%3D,1974740,496639
Goodbyes,Rob Costlow,Sophomore Jinx,385,https://prod-1.storage.jamendo.com/?trackid=5799&format=mp32&from=EwJJxXiLJk%2BROiEYcKWHWQ%3D%3D%7CHUjR9W1jbhpLjqLyxGgK%2Fw%3D%3D,5799,889
"Igor Pumphonia - Rock Me, Roll Me",Igor Pumphonia,Igor Pumphonia - Coffee Time,231,https://prod-1.storage.jamendo.com/?trackid=1426293&format=mp32&from=h7RC3qW6npGAo6WMv3HyfQ%3D%3D%7CwPwZ25HfiVVe84idCiYpQg%3D%3D,1426293,166283
Sandu,Hugo 'Droopy' Contini,Surpriscording,234,https://prod-1.storage.jamendo.com/?trackid=159012&format=mp32&from=auQijrR2yx8vaDRN5cbWrg%3D%3D%7CpittxekhMl5EpB8YgxiI2Q%3D%3D,159012,22837
OZELLA-DREAMS,OZELLA,OZELLA-DREAMS,179,https://prod-1.storage.jamendo.com/?trackid=1847700&format=mp32&from=ncMwib6hPidbsePsXsyYkA%3D%3D%7CqJh3Wjp5JCcpuIpwBdnQpA%3D%3D,1847700,230050
The Gypsy Song,The Freak Fandango Orchestra,Wild Goats and Useless Heroes,177,https://prod-1.storage.jamendo.com/?trackid=1125825&format=mp32&from=%2BQo4kF08rWv1tPLVCHc29Q%3D%3D%7CLLEvf%2BwSs0mvbFcSmNGAxA%3D%3D,1125825,134922
Love You Anymore (feat. Seven),Tom Orlando,Love You Anymore (feat. Seven),156,https://prod-1.storage.jamendo.com/?trackid=2180016&format=mp32&from=ZbbNCXeCtStFPFB50ppIog%3D%3D%7Cpoek2fmrHtyI94KZLk%2FVDQ%3D%3D,2180016,570388
Spring,mindthings,Above Everything,211,https://prod-1.storage.jamendo.com/?trackid=96724&format=mp32&from=mZLeBoAj2zOnJT8MVlKOWg%3D%3D%7CeUKCygnSA8KRTRro1ko9VA%3D%3D,96724,9958
Chasing Tomorrow (feat. Jade Gritty),Tab,Chasing Tomorrow (feat. Jade Gritty),186,https://prod-1.storage.jamendo.com/?trackid=1910735&format=mp32&from=0ykxDnE%2B9Ct6KDgJsV07WQ%3D%3D%7CEcp48DbZg8mnZngxu4LHKA%3D%3D,1910735,467987
Tomorrow's Executive,Professor Kliq,Community Service II,324,https://prod-1.storage.jamendo.com/?trackid=443389&format=mp32&from=7QsYHPA%2B7zgloYiVr0ieUw%3D%3D%7C04jGm%2B4Tl0w2XeT53f%2BNhQ%3D%3D,443389,53465
Hypnic Jerk,JT Bruce,The Dreamer's Paradox,614,https://prod-1.storage.jamendo.com/?trackid=24044&format=mp32&from=v7OItdyPgLgdR96Dvt4tpg%3D%3D%7CErjiZRk6GhYQGSuYGB85Nw%3D%3D,24044,3317
I'm Walking Away,Luigi Talluto,Summertime,220,https://prod-1.storage.jamendo.com/?trackid=1059814&format=mp32&from=PQzN1FIfKjsf%2Be550xSuyg%3D%3D%7C3YrWBqYbkBBxYPs%2FZV6hug%3D%3D,1059814,125003
Glow,Jaief & Asong,EARWORMS,224,https://prod-1.storage.jamendo.com/?trackid=1169942&format=mp32&from=1iGnSaXGclfVDR5xd9A42A%3D%3D%7CGK7%2FEEAcmy2lGdLSj5eEvg%3D%3D,1169942,140778
Lotus Indou,Potta la motta,Lotus Indou,166,https://prod-1.storage.jamendo.com/?trackid=1184809&format=mp32&from=Ufqd0xNxAP4Kc%2Ft049WGBw%3D%3D%7CqWUMGqgbJIACkhV2Zu16vg%3D%3D,1184809,230606
Les chevaliers de l'Aar,Greg Baumont,Wood,377,https://prod-1.storage.jamendo.com/?trackid=2172&format=mp32&from=oSunfAE9Pw7uAd81vjL3Cw%3D%3D%7COADifff%2B2b79IVHnNkaMjw%3D%3D,2172,347
Open The Source,Paolo Pavan,THE SWING OF THINGS,528,https://prod-1.storage.jamendo.com/?trackid=1131486&format=mp32&from=nuouggZmWSeiIenT2FvPGg%3D%3D%7CrEeKGu%2FHIbMcw0Kt8O%2Fl3g%3D%3D,1131486,135655
Ambient Flight (Electro Vocal Mix),Zeropage,Ambient Pills,264,https://prod-1.storage.jamendo.com/?trackid=20237&format=mp32&from=5RQHKLvf8jDxfJxCKkf2cA%3D%3D%7CwGuxJ2amr2BM0aIc%2FLgCXg%3D%3D,20237,2843
stay wild,InitiuM,stay wild,207,https://prod-1.storage.jamendo.com/?trackid=1410714&format=mp32&from=IRCfvezfgGM0UknIQCBHgQ%3D%3D%7Cb8WX1VWQ6%2FkjIiMyGx3%2BdQ%3D%3D,1410714,217695
La Olla Express,LA OLLA EXPRESS,PANIC,146,https://prod-1.storage.jamendo.com/?trackid=415208&format=mp32&from=2aG0rH%2FeFpF1Nx8ubVRtkA%3D%3D%7CzkyPZR4E2dn5MJnEuXow%2FA%3D%3D,415208,51155
Sky Lantern,Non Camera,Behind the walls,268,https://prod-1.storage.jamendo.com/?trackid=1111314&format=mp32&from=iImitLooSj7EKDkZ2hWnrg%3D%3D%7C2KRLoU3RG2PrAYyvIm2B2w%3D%3D,1111314,132736
The new day,Greg Baumont,Wood,408,https://prod-1.storage.jamendo.com/?trackid=2169&format=mp32&from=rVq2Wnrh9dCrr7Qfa1FCYQ%3D%3D%7CBPv4g6FbNvRDnjWDdCKhHw%3D%3D,2169,347
can we speak,Wasaru,Fragments of Stories,163,https://prod-1.storage.jamendo.com/?trackid=78470&format=mp32&from=TSlz1C6RCTGSsfU%2FxqFjEQ%3D%3D%7C6gLr97Y9tgjfkSeLK6MWmQ%3D%3D,78470,7130
Swell,Hypercute,Serendipity,206,https://prod-1.storage.jamendo.com/?trackid=1866897&format=mp32&from=ymKWDGR%2Fh6%2FAB4lUrWGX6Q%3D%3D%7CcrtN5SI4ALKDZizipP9W1g%3D%3D,1866897,446628
Ocean,David Davis,Ocean,243,https://prod-1.storage.jamendo.com/?trackid=1801400&format=mp32&from=PB%2FqNvR7QZFBazfxKlq6XA%3D%3D%7CHjyrtb7GgWHFtHUCjYnl1w%3D%3D,1801400,229129
Walk to The Stars,Traffic In My Head,CDN,315,https://prod-1.storage.jamendo.com/?trackid=33324&format=mp32&from=xOcV%2Fa0Xz8G2CiSYprYQXQ%3D%3D%7CTXoIOYr7ehxDqQMlnvNDAQ%3D%3D,33324,4117
Drive Me Gently,SONIC MYSTERY,ENJOYING LIFE,216,https://prod-1.storage.jamendo.com/?trackid=952685&format=mp32&from=YRx%2Bdh6gibuCcXF1%2BV8JyQ%3D%3D%7C2hbkR1gmkS8i6tiujDiTtg%3D%3D,952685,112011
Talk Samba (Parliamo un pò),Boom Boom Beckett,Boom Boom Baby,302,https://prod-1.storage.jamendo.com/?trackid=1247352&format=mp32&from=rYMkol4yf4QbiAYxOW0wIw%3D%3D%7C0woNnxPMt5XIB95Z22aVeQ%3D%3D,1247352,149433
Summer Breeze,SONIC MYSTERY,DIGNITY,143,https://prod-1.storage.jamendo.com/?trackid=350990&format=mp32&from=Fq%2FBrF0w1%2B3SR1Ni%2BxywZQ%3D%3D%7CjdGE9qYP8vRXZbFQIALabQ%3D%3D,350990,45992
Nick Ray - Divide and Conquer (Electronic Remix),Nick Ray,Nick Ray - Divide & Conquer (Electronic Remix),213,https://prod-1.storage.jamendo.com/?trackid=1943451&format=mp32&from=vzYfSv6EHqTD14jT96ra7Q%3D%3D%7C9FGZoI16FOD4l6t24cXzaw%3D%3D,1943451,481780
Hola Hola Bossa Nova,Juanitos,Best Of,207,https://prod-1.storage.jamendo.com/?trackid=309785&format=mp32&from=P6nbJ8EH8QMm0%2F0qjP1i4w%3D%3D%7Cqh6tnHy81vf30k3S%2FNXT%2Fg%3D%3D,309785,41987
Dirty angel,The Phase,Dogma,222,https://prod-1.storage.jamendo.com/?trackid=108580&format=mp32&from=vLBtkw16Ai5WXZnIDIKn3Q%3D%3D%7CI5BJ4VHA3e4YoeGUj85LTA%3D%3D,108580,13125
No more fighting,Drunksouls,On verra plus tard ...,227,https://prod-1.storage.jamendo.com/?trackid=6955&format=mp32&from=KE1D6Dd0tVICyLs7LPwoQQ%3D%3D%7CrOEYfVzwueGAspud09TzJw%3D%3D,6955,1052
Lonely,The.madpix.project,Lonely,253,https://prod-1.storage.jamendo.com/?trackid=1100738&format=mp32&from=7SigxsB5qNmZvKpX1HaPRw%3D%3D%7CSZ6dhLYF%2FPTUPEpC3z0vBQ%3D%3D,1100738,131344
Settle Down (feat. yofellas),Samie Bower,Settle Down (feat. yofellas),229,https://prod-1.storage.jamendo.com/?trackid=1909109&format=mp32&from=U6h33HSrTUWSofQ7UsgqIQ%3D%3D%7CS%2BL5F%2FJJ76Chf9Gk2FJ2dQ%3D%3D,1909109,466354
antisocial,Rxbyn,i-motions - EP,178,https://prod-1.storage.jamendo.com/?trackid=1921815&format=mp32&from=yMNXwIkZ7H8tj0W7rKypKg%3D%3D%7CwTWsGJlZBIQbcZps3QnPwQ%3D%3D,1921815,472284
Rain,Grégoire Lourme,Life,208,https://prod-1.storage.jamendo.com/?trackid=1292383&format=mp32&from=aHPaQqtDzxDF5vAAh9qUqw%3D%3D%7CLU40czGqyAVZqLv%2F0Dcsdw%3D%3D,1292383,153921
Great Moves,SONIC MYSTERY,GREAT MOVES,174,https://prod-1.storage.jamendo.com/?trackid=267747&format=mp32&from=2dDxfF1BfH3NDR5Emct3pg%3D%3D%7CHQTeBdobDFv6hNOx4gBFjA%3D%3D,267747,38075
Reason to Stay (feat. undy),lilac frog,Reason to Stay (feat. undy),196,https://prod-1.storage.jamendo.com/?trackid=2029626&format=mp32&from=7n6Q0ESfrvbSKwlBaChyNQ%3D%3D%7CET0pC4J8OHblIwKIXAmPbQ%3D%3D,2029626,520111
Summer Garden,Rob Costlow,Sophomore Jinx,286,https://prod-1.storage.jamendo.com/?trackid=5796&format=mp32&from=NbZYPHUYBWlCeNI2ML5FqA%3D%3D%7CHeOAH5dD%2FkA0XiLgGE8EaA%3D%3D,5796,889
Samadhi,SaReGaMa,Samadhi,540,https://prod-1.storage.jamendo.com/?trackid=80884&format=mp32&from=Fgjp7UvZqsBm467af%2BYleA%3D%3D%7CJKEoz5ttTI8AHsUbCa%2B5lQ%3D%3D,80884,7406
Say Goodbye,Gunther Brown,Gunther Brown,243,https://prod-1.storage.jamendo.com/?trackid=732309&format=mp32&from=NnMxyb6AevlsaVl9t7OJHg%3D%3D%7CciqdM1GMTyL44u396xzsJg%3D%3D,732309,85610
Ocean fantasy,St Adam,stadam's,186,https://prod-1.storage.jamendo.com/?trackid=43679&format=mp32&from=8RDYcFQwGVNTYEyyNKQYvQ%3D%3D%7CDw3KvLem9xxCZxmKTZTUcg%3D%3D,43679,5258
Onda su Ombra,Boom Boom Beckett,Vélos,299,https://prod-1.storage.jamendo.com/?trackid=34575&format=mp32&from=hsO2CHpqPtLrrvydy%2Bn3kw%3D%3D%7CwaOnjv9iracU0z5pIE2eMg%3D%3D,34575,4234
Oceans,Rob Costlow,Sophomore Jinx,285,https://prod-1.storage.jamendo.com/?trackid=5800&format=mp32&from=joqL0ZXPksnup6VEfjUFaA%3D%3D%7Cpg7qXYQWTfyiguFxK%2BPyIw%3D%3D,5800,889
Contigo,Los Brodies,Está en el aire,262,https://prod-1.storage.jamendo.com/?trackid=1046599&format=mp32&from=1nMokC4tirhU70cq5ygoAA%3D%3D%7CszQ3uxOmZTWrbgNsChbolA%3D%3D,1046599,123347
Club Luna,No Hair On Head,Walking on light,227,https://prod-1.storage.jamendo.com/?trackid=310527&format=mp32&from=aAZAhAJCkrRfKuluzSWmzw%3D%3D%7C8XZZDnMRdQn6AyUmyVEEWA%3D%3D,310527,42122
Boogie feat. Tracie Frank,The Disco Viking,Boogie feat. Tracie Frank,251,https://prod-1.storage.jamendo.com/?trackid=1958457&format=mp32&from=NXRai%2FHPdlJvb4PxYhc9JA%3D%3D%7CenwHCmD8RCrySmoHYnTm7w%3D%3D,1958457,488846
Afterglow,Josh Woodward,The Simple Life,207,https://prod-1.storage.jamendo.com/?trackid=162045&format=mp32&from=UvMLYscJo5Ps%2BeKnz8veQg%3D%3D%7CLNdDflFGR4%2FQqvWuTFUSHA%3D%3D,162045,23755
Little Adventures,Plastic Light Factory,HYPE,215,https://prod-1.storage.jamendo.com/?trackid=1427881&format=mp32&from=YRMf19ZaIl2DHzSG8B1gIA%3D%3D%7C8piNfcyHtsFlBi0SFAlUeA%3D%3D,1427881,166456
Ska One,HiGhMaS,HiGhMaS,291,https://prod-1.storage.jamendo.com/?trackid=415600&format=mp32&from=pdZVRRnU2tbmPMQJuj97uA%3D%3D%7CVLemKlqOyCjw2uHc%2FPPC5Q%3D%3D,415600,51331
Over and Over,Traffic In My Head,CDN,312,https://prod-1.storage.jamendo.com/?trackid=33323&format=mp32&from=WLiRqHkvk8FTAz9aWkOhcA%3D%3D%7CRD1w2yhQyMgApqHhfo3ZyQ%3D%3D,33323,4117
"Housewell - Sea, Sun, Fun",Housewell,"Sea, Sun, Fun ?",234,https://prod-1.storage.jamendo.com/?trackid=585189&format=mp32&from=7aBYYa89mqAI%2FDKAT%2BfekA%3D%3D%7CE55yDfsHs73H1qhIEACZzg%3D%3D,585189,67505
A Purpose To My Sins,Danish Daycare,A Story Of Hurt (2010 Edition),293,https://prod-1.storage.jamendo.com/?trackid=578181&format=mp32&from=5sx%2Bfo9kKbWTzkm14BbvNg%3D%3D%7Ctc3A2QGwpuJ0Cgz%2FB%2BF7Xw%3D%3D,578181,66675
Sieste ocho,Suerte,Pastèque,282,https://prod-1.storage.jamendo.com/?trackid=7042&format=mp32&from=zz0alLyjJ7H3M0WXnxsb%2Fg%3D%3D%7CGAwe%2B%2Fc6G80Alun1iauXfw%3D%3D,7042,1069
By the one coin laundrette,K4MMERER,Sir Agent Chill,313,https://prod-1.storage.jamendo.com/?trackid=570073&format=mp32&from=kwDNKiBiZi0Xw8SHE06Vbg%3D%3D%7CTu4jI3%2B38GThoTCxGqtBdQ%3D%3D,570073,65809
Lost or Found,Rob Costlow,Sophomore Jinx,258,https://prod-1.storage.jamendo.com/?trackid=5795&format=mp32&from=NTbqqxPgye3ANl8KcBlykA%3D%3D%7ChZHw0NeAlfDHua6%2BlF5uJg%3D%3D,5795,889
Triplexity - Lise (with LucB),Triplexity,Live in Triplex City,370,https://prod-1.storage.jamendo.com/?trackid=189585&format=mp32&from=N0Q%2B7g1jlahMPYW7InAiKQ%3D%3D%7CjkDT0CIeG78Awiu2Q4fINw%3D%3D,189585,28378
Destiny,Galdson,Roots,183,https://prod-1.storage.jamendo.com/?trackid=14020&format=mp32&from=ICnADR50bg52nxhKP0MURw%3D%3D%7C3i%2F2deqQnp0Aix%2F5CZZYug%3D%3D,14020,2007
Alaska - Carmody Project,Fairbanks,Alaska - Carmody Project,239,https://prod-1.storage.jamendo.com/?trackid=1433288&format=mp32&from=V3q0tbk%2BekmASZLvhg3PCQ%3D%3D%7CY4OO6bFAMJL5JMcv%2FIQtrQ%3D%3D,1433288,218526
My Freedom,Keffy Kay,Angel,330,https://prod-1.storage.jamendo.com/?trackid=710704&format=mp32&from=ZhbMFwp9sczL5NxnYZybmg%3D%3D%7CaUH8dcqhypDPljBMyru7rg%3D%3D,710704,82941
Looking for the line,Special Quartet,Namouche,393,https://prod-1.storage.jamendo.com/?trackid=308468&format=mp32&from=mSWG9NCXyx0TmRcvuyepWw%3D%3D%7CBIeBz3Unl0DX6khQ1KEREg%3D%3D,308468,41851
Sunsets within,Serakina,Autumn-Chills,320,https://prod-1.storage.jamendo.com/?trackid=684705&format=mp32&from=MHoTdFJdq5pMvb%2BkRmdQYQ%3D%3D%7CXSvS2P91frDiXKU4spgDfg%3D%3D,684705,79677
Pedestrian babble,K4MMERER,Waters,182,https://prod-1.storage.jamendo.com/?trackid=493577&format=mp32&from=ydusodK%2BGubWUE6S7Z7%2FgA%3D%3D%7C69l0gdyuwOEjavCdPloe1w%3D%3D,493577,57855
Lost To Me,John Dada & the Weathermen,folK.itUp,172,https://prod-1.storage.jamendo.com/?trackid=1194312&format=mp32&from=Kd6xuP0%2B0pDrvd%2BfD5IpXQ%3D%3D%7C5o1UEgQKbRnl69HvowBwxg%3D%3D,1194312,143735
Lounge Room Beat,Dj Esof,Beat Source vol.1,158,https://prod-1.storage.jamendo.com/?trackid=311275&format=mp32&from=BCqSpftlm2Pudj76uZ5iAw%3D%3D%7CB%2BUafO6z%2BYmGeMLXbkZqXg%3D%3D,311275,42154
afternoon nap,Efiel,Jimy the Whale,247,https://prod-1.storage.jamendo.com/?trackid=384149&format=mp32&from=xNZM5MF7f%2By4KeQrJGytvg%3D%3D%7CQcy6Q%2B0gCkpXvTIgfyYk3w%3D%3D,384149,48629
To The Light,Keffy Kay,Angel,209,https://prod-1.storage.jamendo.com/?trackid=710712&format=mp32&from=dbBJX%2BLYivcC545NLkT7pg%3D%3D%7CVquagQr4HkWBlXGHwWkhdg%3D%3D,710712,82941
Let The Sunshine In,The Mind Orchestra,Devoured by the Comfort Zone,308,https://prod-1.storage.jamendo.com/?trackid=1165403&format=mp32&from=iHfWuhhdK2L0J4fPk1yotg%3D%3D%7CmVlsEWN%2Fixxit6Zm0IzanQ%3D%3D,1165403,140112
Maryanne,Gunther Brown,Gunther Brown,211,https://prod-1.storage.jamendo.com/?trackid=732323&format=mp32&from=ot57vjZ95KAR%2BHrqR6Q8Qg%3D%3D%7C1XjcBtNJeRPXtaZWXw2BgA%3D%3D,732323,85610
Leolyna,Trundicho,Acoustic,177,https://prod-1.storage.jamendo.com/?trackid=352076&format=mp32&from=w6%2FUOCG03d9tD5JH%2FW%2BWsg%3D%3D%7CTL0Vwj6FcqvzuoELPsKr8w%3D%3D,352076,46092
Jean Honeymoon - Bang Bang (Pianochocolate Remix),Pianochocolate,AQUARELLE,267,https://prod-1.storage.jamendo.com/?trackid=700220&format=mp32&from=NFcHHQimg4euXmpj9WqnCw%3D%3D%7CVndcGB2XbgHbB8xtQr%2B2eg%3D%3D,700220,81625
Jungle Bungle,Jazz Oil,Rigor Partys,244,https://prod-1.storage.jamendo.com/?trackid=425154&format=mp32&from=9J9rn%2B1aYD1ZTlbzOYjiWw%3D%3D%7CxRu0bds3cnrl1EN1BMkbFg%3D%3D,425154,51994
Gone (feat. Tee Amara),Joel Loopez,Modern Soul Pop Female Vocal (feat. Tee Amara),179,https://prod-1.storage.jamendo.com/?trackid=1944125&format=mp32&from=BGttF15V5WNmE2%2FSseicig%3D%3D%7Cms%2BNuJxtIfVgjNR6dh01uw%3D%3D,1944125,482189
Smile,Møme,Eclipse,284,https://prod-1.storage.jamendo.com/?trackid=1166701&format=mp32&from=ys28pU4wqZSPMwYlIdQmhA%3D%3D%7CbL1l2RajoB%2FU8mk79Vcvcw%3D%3D,1166701,140295
He loves Her,Remy Bourgeois,Bal de Nuit EP,324,https://prod-1.storage.jamendo.com/?trackid=1235170&format=mp32&from=k%2F6VqTgUc5FBNtLfc9LGtQ%3D%3D%7CL3gnk68IMKBppOQoIl3M9w%3D%3D,1235170,148070
Something in the air,Andrea Barone,Kastellorizo,367,https://prod-1.storage.jamendo.com/?trackid=210601&format=mp32&from=iGUSaY%2F8zzkxrXx2JwCJfA%3D%3D%7Cn%2F0tCkzcECG6oG3ugNNpiw%3D%3D,210601,31129
Coral Reef,Psychadelik Pedestrian,Return of Chillout E.P.,303,https://prod-1.storage.jamendo.com/?trackid=640123&format=mp32&from=oTwDtuYW0oi0azRjzVgIwg%3D%3D%7CkUYk7JsGQMGFqwNLPUBRcw%3D%3D,640123,74136
Cheyenne Soul,FrenchLAB (French Laboratory Of),Mysterious Sounds,486,https://prod-1.storage.jamendo.com/?trackid=7259&format=mp32&from=OTJFEs17guVA%2B1Z0IkeKiQ%3D%3D%7C8cd5jITPQ8hAoTWorzJ3xw%3D%3D,7259,1098
sunshine cafe,Tymono,From My Soul,135,https://prod-1.storage.jamendo.com/?trackid=205093&format=mp32&from=WcqrFo7lw2kq2GX9RqxYiw%3D%3D%7Codfh2icF0RbUZ5G5jrKKiQ%3D%3D,205093,30449
Draw Me a Picture,The A.J. Gatz Project,Who is A.J. Gatz? Volume 2,232,https://prod-1.storage.jamendo.com/?trackid=1221864&format=mp32&from=bP3ZztDFAL5TDWsxvrX8Tw%3D%3D%7CaM5R%2Bylk6M4nKUm2isGBcA%3D%3D,1221864,146581
Earworm,Jaief & Asong,EARWORMS,210,https://prod-1.storage.jamendo.com/?trackid=1169943&format=mp32&from=VWYjznYxziAp3e1jqU2vAg%3D%3D%7CtzjMQm8zEFciGemgAe8oTg%3D%3D,1169943,140778
Es El Cristo(version salsa),Son By Four,Aqui Esta El Cordero,296,https://prod-1.storage.jamendo.com/?trackid=224737&format=mp32&from=Po2LnjRIoqIDE5G47Y3%2B%2FQ%3D%3D%7C4IPAWdZ8uwE4vYZVuv5EUQ%3D%3D,224737,33280
In the Summer,Maiya,In the Summer,198,https://prod-1.storage.jamendo.com/?trackid=1977273&format=mp32&from=gnzvotuo2MGxWnOEz%2BbFXw%3D%3D%7Cq8g0bOFIg6MFKPaCg9NDmQ%3D%3D,1977273,498429
Gaza Hope,Ben OThman,ARABICA.2,381,https://prod-1.storage.jamendo.com/?trackid=289311&format=mp32&from=KheLy2dn4PhtRT7%2BiwvBfA%3D%3D%7CI1mpSSHlOm6vGpILTnNtFQ%3D%3D,289311,40106
Lullaby For Phil,Alexey Baranov,"Sunny Day Again: Background Music, Vol. 1",198,https://prod-1.storage.jamendo.com/?trackid=1408401&format=mp32&from=iexB1dCaQWwMYVT%2BJhXU4g%3D%3D%7CzlqtkxSbiCZgCpTiJ5mSsA%3D%3D,1408401,164580
All You Know,Quietly Concerned,Homeless,274,https://prod-1.storage.jamendo.com/?trackid=1022211&format=mp32&from=BqERmC162UoYlduL%2BxczEA%3D%3D%7ChVSYplUk%2BtHFrmknUc4h%2BQ%3D%3D,1022211,120205
Heart of a Lion (Leo),RENAE,Heart of a Lion (Leo),232,https://prod-1.storage.jamendo.com/?trackid=1781573&format=mp32&from=XRUwGK11j%2F7lAdWRHe4M2w%3D%3D%7CxST%2F0dik%2Fyk89W%2Fjxw0xkw%3D%3D,1781573,274937
Chiudi gli Occhi,Boom Boom Beckett,20,336,https://prod-1.storage.jamendo.com/?trackid=1428062&format=mp32&from=LnxaXzzhJ4%2F5%2FoMSpGLI%2Fw%3D%3D%7C56nW1u4ZDVgIjBiKTMdBJw%3D%3D,1428062,166470
Live It Up,The.madpix.project,Live It Up,192,https://prod-1.storage.jamendo.com/?trackid=1975586&format=mp32&from=TBTv1j5buvtuQYoahJQVtA%3D%3D%7CYHElRMvMtzTL%2FW%2BPDBItzQ%3D%3D,1975586,497419
Erase,Maury111,Erase,249,https://prod-1.storage.jamendo.com/?trackid=1861886&format=mp32&from=fP9F2N9UMQhInw64HbKoNA%3D%3D%7C2XA3q%2FwM%2FBgNMKxVu40%2FFg%3D%3D,1861886,253647
Astronauts,Parker,Astronauts,126,https://prod-1.storage.jamendo.com/?trackid=1585525&format=mp32&from=Zv7r7hXnSELNWIzGk%2FIskA%3D%3D%7C8qgwSF3k0M7BrW3kYz2p4Q%3D%3D,1585525,223176
Stay For This Moment (medicisoundsystem feat. Snowflake),ccMixter,Emergence,509,https://prod-1.storage.jamendo.com/?trackid=1209516&format=mp32&from=5aiZ8GG9W%2BEsZLbzdjiDCA%3D%3D%7Czav17GF%2B3B7w9NDMK%2FI%2F1g%3D%3D,1209516,145267
Island of light,Roger Subirana Mata,Point of no return,176,https://prod-1.storage.jamendo.com/?trackid=169205&format=mp32&from=4pvrXZ31qnkr6Hgp0eJuyw%3D%3D%7CkhuB7QVq6%2BO59LHhlBICkQ%3D%3D,169205,24858
Mute,Katherine,Katherine EP,231,https://prod-1.storage.jamendo.com/?trackid=259285&format=mp32&from=azGYdHllHVJzBXobaRM2BA%3D%3D%7CXHungHwzxZcrpAkxt2Y%2B0A%3D%3D,259285,37130
Shared Loneliness,mindthings,Shared Loneliness,259,https://prod-1.storage.jamendo.com/?trackid=708367&format=mp32&from=F8NnEGGaupyUHvkGwvbaaw%3D%3D%7CZqqxIme7X5Rq6YPWHGEnxg%3D%3D,708367,82602
Jungle of Groove,Project Divinity,Dharma Armada,188,https://prod-1.storage.jamendo.com/?trackid=496520&format=mp32&from=T34JXOUp3wqXfpd790pvmA%3D%3D%7C6K%2Ba%2BkGRSQcNsqH37bwNXA%3D%3D,496520,58158
Megan Graney - So It Goes,Megan Graney,Megan Graney - So It Goes,276,https://prod-1.storage.jamendo.com/?trackid=1986168&format=mp32&from=z4hUr2xFE%2BqWiKHbN3knbg%3D%3D%7CxSLDBBQQVZ%2BkYtCnbatr3w%3D%3D,1986168,502616
In and Out,SONIC MYSTERY,LIGHT IN THE DARK,177,https://prod-1.storage.jamendo.com/?trackid=454989&format=mp32&from=dQa9jdKhMUFqpg%2B87UBbHQ%3D%3D%7CdFNGZFowTdeVEJc5RVEkIQ%3D%3D,454989,54420
Enjoit,Roger Subirana Mata,Point of no return,202,https://prod-1.storage.jamendo.com/?trackid=168832&format=mp32&from=vPOkYjlzkx1gxHalju11MA%3D%3D%7CVsasKvz6ApMkfrMdEPg02Q%3D%3D,168832,24858
Marga Sol - Goodbye (Pianochocolare Remix),Pianochocolate,AQUARELLE,259,https://prod-1.storage.jamendo.com/?trackid=700224&format=mp32&from=beJ4JEhE8Y23LuEPLCamXg%3D%3D%7CgcakTbP4lmxCL9W8pJz8ZQ%3D%3D,700224,81625
Uonin's Piece,Manu Cornet,Distance & Temps,243,https://prod-1.storage.jamendo.com/?trackid=8565&format=mp32&from=ECtN%2Fc5noLwqnZNPNPsMlg%3D%3D%7CZ6aCV4X5D%2BNrcBG%2B8U%2FE0Q%3D%3D,8565,1290
Chill-Out,Prysm,Beginning,212,https://prod-1.storage.jamendo.com/?trackid=1167098&format=mp32&from=93jdSVQs3P%2F%2BHnf4N3vOQA%3D%3D%7CUyyQhODtzwvTvcu9lTlOeA%3D%3D,1167098,140342
Big Plans,Kellee Maize,Aligned Archetype (2010),189,https://prod-1.storage.jamendo.com/?trackid=520984&format=mp32&from=PDUvd3cC75lPjooNB7N5jQ%3D%3D%7CbX9fOi8UppSHgEIZ%2F2v69Q%3D%3D,520984,60891
Revolution Now,Josh Woodward,The Simple Life,233,https://prod-1.storage.jamendo.com/?trackid=162028&format=mp32&from=EiPZMQl8FkWy4JWmHthy4A%3D%3D%7CHrLFlwP9lplf%2BQsnYDDFdg%3D%3D,162028,23755
Some soft n mellow fellow,K4MMERER,Leaving Paradise,319,https://prod-1.storage.jamendo.com/?trackid=384089&format=mp32&from=Z4eUItbC2yKK8ZShGApPuA%3D%3D%7CNs%2F4xEwbuRd2fXATHKZb4Q%3D%3D,384089,48669
On Everything,Salvatore,#1,239,https://prod-1.storage.jamendo.com/?trackid=1452541&format=mp32&from=OlKhgwKat2zp3PROrhfilw%3D%3D%7CByK%2FC0GX10o5B1mWEDc1cw%3D%3D,1452541,168787
Akusmatic - Lapislazuli,AKUSMATiC,[SWM003] Out of nothing EP,410,https://prod-1.storage.jamendo.com/?trackid=941038&format=mp32&from=K2Px8Sh82kd6Etn3%2BNddrg%3D%3D%7CQGP43mhQtTcuG%2F0ypW%2F2Ww%3D%3D,941038,110547
sedub,Sapiens FX,screen,151,https://prod-1.storage.jamendo.com/?trackid=467947&format=mp32&from=XMpr8I5x0gmV2%2BH0PPqkYQ%3D%3D%7CoAhaLfwpsL2aSpDiYQsG5g%3D%3D,467947,55492
Still Fighting,Antarhes,Breathin' Again,288,https://prod-1.storage.jamendo.com/?trackid=6178&format=mp32&from=J0pQ7ANB7x4b2w9xtWE8Og%3D%3D%7CLBcYtl4ZL8rmv7nAeSTqjA%3D%3D,6178,953
Une étincelle,Law',Sans gêne ni oxygène,161,https://prod-1.storage.jamendo.com/?trackid=962063&format=mp32&from=lVWLq7KAVUAoHRvdcQq4ew%3D%3D%7CFFO%2BoT5L5AedHkv1uHlxnQ%3D%3D,962063,113423
Over the Rainbow,HiGhMaS,Highmas 3,264,https://prod-1.storage.jamendo.com/?trackid=768067&format=mp32&from=5WjvIyG7N8Uh4934n6r3IQ%3D%3D%7CWDxURxpnoJTHwAyBfkyzag%3D%3D,768067,90034
Lost And Found,Jon Maurer,I. (Fire),216,https://prod-1.storage.jamendo.com/?trackid=1230672&format=mp32&from=HyD51bl6AhVwrE5xhSUb%2Bg%3D%3D%7CnsV6PDRoAbTb9%2BAfZhI9SQ%3D%3D,1230672,147582
Swan Song (of Our Love),Stephane TV,s/t (ep),244,https://prod-1.storage.jamendo.com/?trackid=306168&format=mp32&from=0FAHln3xjUKMZuqVo%2FLW7g%3D%3D%7CCmd3jmzLnPTMKrmuSdTLEg%3D%3D,306168,41593
Arboretum,Revolution Void,"Let 1,000 Flowers Bloom",257,https://prod-1.storage.jamendo.com/?trackid=812455&format=mp32&from=N10salGxC%2BMxA8nvVHY%2FeQ%3D%3D%7CN%2B9r2I2a3F4qmrEkCvwhmQ%3D%3D,812455,94907
Effortless,Josh Woodward,Not Quite Connected,229,https://prod-1.storage.jamendo.com/?trackid=78727&format=mp32&from=wNODupxprWn2a6D3%2Bt9nXw%3D%3D%7Chy%2BNpxXRsYgdCtC%2FCpfD%2Bg%3D%3D,78727,7168
AS THE SUN RISES,conFusion,Jazzpassaj,388,https://prod-1.storage.jamendo.com/?trackid=20763&format=mp32&from=0%2FqcFl0tROwNyc7eyUmKWA%3D%3D%7CABplQFO5uhNwEzTiL3xHzQ%3D%3D,20763,2913
Dub In England,HiGhMaS,Highmas 2,235,https://prod-1.storage.jamendo.com/?trackid=593168&format=mp32&from=F77RdfzZtjBr45gJgUBB4w%3D%3D%7CCuMi7A%2FVzsfmikKVZsXEsg%3D%3D,593168,68489
Silk Route,Satya,Memoirs of a World Traveller,235,https://prod-1.storage.jamendo.com/?trackid=725215&format=mp32&from=aTrVTh7lPDTibk5PY%2Fotgw%3D%3D%7CzbvdnmAFLHdTxi9iEsSGfw%3D%3D,725215,84719
Believe in your success,ADDICT SOUND,Believe in your Success,247,https://prod-1.storage.jamendo.com/?trackid=1296198&format=mp32&from=klOT5u9bhs%2BMupVOHwdb8g%3D%3D%7Cb1tQnzwWi0pR%2FIR9JOH4Rw%3D%3D,1296198,154290
Stay Away,Antarhes,Breathin' Again,266,https://prod-1.storage.jamendo.com/?trackid=6179&format=mp32&from=DLob89JhIKChvdWcjIYaYw%3D%3D%7CYDPQ%2Fib4QMoGc9Vw6DWzCw%3D%3D,6179,953
Sax Is My Cardio,Kuzinmuzin,Sax Is My Cardio,207,https://prod-1.storage.jamendo.com/?trackid=1846022&format=mp32&from=N7Kfa2Jgs%2B3jBldAmyBNFg%3D%3D%7Cdse3rWota5o9YH%2BihNvA0A%3D%3D,1846022,372674
My Will,Vians,7th Sense,247,https://prod-1.storage.jamendo.com/?trackid=308260&format=mp32&from=Vz8ZXn%2FTpr6CuSGpRo4Hgg%3D%3D%7CGDTB38dQubZp0zcyO%2BozWQ%3D%3D,308260,41831
Moonlit Clouds,Régis V. Gronoff,A Simple Blade of Grass,252,https://prod-1.storage.jamendo.com/?trackid=370256&format=mp32&from=QJRnwCPWNytJBsvOgUhkfg%3D%3D%7CyuGGc7NkL5Zw2X90R7G0nw%3D%3D,370256,47532
Broken Windshield,K4MMERER,Rhodes to Wisdom,259,https://prod-1.storage.jamendo.com/?trackid=619804&format=mp32&from=6mPN2bFgLesyryjX3yzRUg%3D%3D%7CzkBMvgIsbj86iSYfm3JD7g%3D%3D,619804,71759
FLIGHT,Sweet Play,Across The Sky,208,https://prod-1.storage.jamendo.com/?trackid=1036435&format=mp32&from=9NcyHNaeLzfTi0FhTjSShQ%3D%3D%7CJIHrxpjjfYADv%2F9HaFCTEQ%3D%3D,1036435,122017
Pain(t) On Me,Smoking With Poets,Pain(t) On Me,280,https://prod-1.storage.jamendo.com/?trackid=1834993&format=mp32&from=Kv65WiE4z2Mc1lLwiANUwA%3D%3D%7CrXL6S4pF1pdW6vJgFE1azQ%3D%3D,1834993,275248
doin' time,Wasaru,Fragments of Stories,168,https://prod-1.storage.jamendo.com/?trackid=78487&format=mp32&from=wRB4UT%2FU%2F9J6qcqEYSu0hA%3D%3D%7C9wT%2BWObyynmFrh5lrWkDMQ%3D%3D,78487,7130
Secret,HiGhMaS,Highmas 3,244,https://prod-1.storage.jamendo.com/?trackid=768077&format=mp32&from=wMq4PoRT5M5JUzsz74P5TA%3D%3D%7CN%2Bl5rhEnD03eK2uhFC9P8Q%3D%3D,768077,90034
Oia,Manuzik,Ouverture,209,https://prod-1.storage.jamendo.com/?trackid=3276&format=mp32&from=T4ffMI1TbBZHqhlYj7sH5A%3D%3D%7CVzHN2sWNFKmbLxbwTiIkNw%3D%3D,3276,508
Off the Rails,Great White Buffalo,Fangs,200,https://prod-1.storage.jamendo.com/?trackid=1198384&format=mp32&from=fjEnY2BAiZpdtIa9FaccOA%3D%3D%7CbfiONRF4dMhPPvb2mRefog%3D%3D,1198384,144159
Pra_Onde_e_Que_eu_Vou_,diego Noar,Um lado vasto,233,https://prod-1.storage.jamendo.com/?trackid=1327741&format=mp32&from=NKMzQzWQJHNWUPjAsPhJTA%3D%3D%7CHL%2FJ7sRKxeBGsGe%2BLU6OXA%3D%3D,1327741,157157
Même,Paul & Manuel,Même,213,https://prod-1.storage.jamendo.com/?trackid=2037486&format=mp32&from=0%2BFjQ9xkTt8Iu%2F78swBeZQ%3D%3D%7Ca1yXmk4Gqg2oQPRWq54fig%3D%3D,2037486,523838
Through My Eyes (Gemini),RENAE,Through My Eyes (Gemini),270,https://prod-1.storage.jamendo.com/?trackid=1766006&format=mp32&from=Vqz%2BDQz4gInQWDQ39xckaw%3D%3D%7CsN1MUju9%2F%2FsRB8B54NRiog%3D%3D,1766006,261348
Go ahead and struti!,Project Divinity,Dharma Armada,240,https://prod-1.storage.jamendo.com/?trackid=496522&format=mp32&from=69Ft8oaRNs3KluqEkxFAhg%3D%3D%7CB1Pa62nLeVkzXxtV3MzWbQ%3D%3D,496522,58158
Enjoy Your Life (joyful and carefree tune),Akashic Records,Enjoy Your Life,285,https://prod-1.storage.jamendo.com/?trackid=967930&format=mp32&from=dVwDY042OgG%2FdWzT91RF%2Fw%3D%3D%7CB%2Fx5tWCSDODyXPIkxUJz4g%3D%3D,967930,113862
stuck on you t1,Emmanuel1,stuck on you t1,176,https://prod-1.storage.jamendo.com/?trackid=1666163&format=mp32&from=FIRs23luq5JxLkCRgnTXTg%3D%3D%7CC1TfKN5pCR1z9Lmtq%2FXQyw%3D%3D,1666163,225324
Move On,Dazie Mae,Velvet Dress & Stockings,271,https://prod-1.storage.jamendo.com/?trackid=457118&format=mp32&from=22rtZSWbcvdlBaLOrUBc7w%3D%3D%7Ca1ujXk%2BYpN5KMGG3PtMFiw%3D%3D,457118,54604
JazzProg,Manuzik,Ouverture,385,https://prod-1.storage.jamendo.com/?trackid=3273&format=mp32&from=H4EduWy3YkHBr31E28xhjw%3D%3D%7CKoxnych9xhuw0jQtEu7Mmg%3D%3D,3273,508
Luck's All Gone,The Devil Music Co.,Luck's All Gone,190,https://prod-1.storage.jamendo.com/?trackid=1696907&format=mp32&from=j%2BcLgtbZiCK6S%2F97KABtvA%3D%3D%7CzWTZGMKKQKQPU8CkwgzNZQ%3D%3D,1696907,309977
Outside Help,K4MMERER,Rhodes to Wisdom,298,https://prod-1.storage.jamendo.com/?trackid=619809&format=mp32&from=gCKCWF0KnsoPYRsdpGf%2BFA%3D%3D%7CSskOJ3voeNShEg5wHu8mgA%3D%3D,619809,71759
Quatro Paredes,heiwr,Quatro Paredes,152,https://prod-1.storage.jamendo.com/?trackid=1981752&format=mp32&from=53ZdWsW%2FpiYyw8xJzu585Q%3D%3D%7CdxttutCckWYZX9WFKgEbfw%3D%3D,1981752,500539
Sunday Is Over,Victoria Caffè,Busy Days,133,https://prod-1.storage.jamendo.com/?trackid=716982&format=mp32&from=1ou3R5DJa9T1YMroVpWagA%3D%3D%7C1MOFF88XRh3sqJAEJpuXJw%3D%3D,716982,83642
Turn The Lights On,Fresh Body Shop,Turn The Lights On,162,https://prod-1.storage.jamendo.com/?trackid=1097943&format=mp32&from=AiR85h2aATXd%2BuZYACJOfg%3D%3D%7CT8TMD1DUT1qaghYOp4Ui8Q%3D%3D,1097943,130945
Be Without U,Neon NiteClub,Be Without U,244,https://prod-1.storage.jamendo.com/?trackid=2181597&format=mp32&from=DpnbU7fJdLCl%2BGv8oQRKRQ%3D%3D%7C6r7v%2BLUnGldyYBsZbB8fxw%3D%3D,2181597,570554
Shine,Ralf G. (Ralf Gründer),Shine,223,https://prod-1.storage.jamendo.com/?trackid=1087890&format=mp32&from=xJthMNwFjWh2Ya7VA7TdzQ%3D%3D%7CYWtffhVJrlprH9QCjfS%2Ffg%3D%3D,1087890,129698
The Accident,Paper Plane Pilots,Demo 2008,83,https://prod-1.storage.jamendo.com/?trackid=186949&format=mp32&from=rxmNu8ZLtQ2I4RrgPN%2FbMg%3D%3D%7C%2BXvardH2ba%2FltDuA1AVeYA%3D%3D,186949,27956
Music,Loudog,Party Thieves,207,https://prod-1.storage.jamendo.com/?trackid=231013&format=mp32&from=QVvSYaEcEGfiyRGOypoIBg%3D%3D%7CNk9Kal8Xh8jHvn%2Bhda%2FFEQ%3D%3D,231013,34022
Rise and Shine,Seastock,Light and Upbeat,133,https://prod-1.storage.jamendo.com/?trackid=1189949&format=mp32&from=P9YWsBlZwdendW%2FrpA8ePw%3D%3D%7CSxJiqSLm4OK20553Kbnt7A%3D%3D,1189949,143225
Haiku,Amity in Fame,Dinner for One,299,https://prod-1.storage.jamendo.com/?trackid=188740&format=mp32&from=WuLit6Tetxi%2Bi1dlzZyAVA%3D%3D%7CEjvrAam2ecRp%2FBS%2FwstrvA%3D%3D,188740,28245
Salamandre (sunlikamelo-d),Mister Electric Demon,85 dollars (compilation 1998-2006),207,https://prod-1.storage.jamendo.com/?trackid=56453&format=mp32&from=5HBA2W1RnMVZsODrQ8U8oA%3D%3D%7CB0%2B%2B0EjvKGAkLFOaH8nxBA%3D%3D,56453,6197
Call me Dazie Mae,Dazie Mae,Velvet Dress & Stockings,232,https://prod-1.storage.jamendo.com/?trackid=457127&format=mp32&from=WH1WOULEMi9JNB7k9BZdqQ%3D%3D%7Czlr0ln2Pxolc5pQgoGjWHQ%3D%3D,457127,54604
La Luna - feat SIzu Yantra (Café Tacuba),Butumbaba,Majikakonvinazion,192,https://prod-1.storage.jamendo.com/?trackid=73426&format=mp32&from=TxJ3kiwPfB4eM3adB%2B%2BE3g%3D%3D%7CpbojLlsqyTIuWCz25ZMIcQ%3D%3D,73426,6500
Rythm's Life,HiGhMaS,HiGhMaS,166,https://prod-1.storage.jamendo.com/?trackid=415597&format=mp32&from=REf%2Bh4oCGSpm5S9iCEkyaw%3D%3D%7CW5SXSoqKxUL1YMhtt0mlrA%3D%3D,415597,51331
Blue Pearl,SONIC MYSTERY,BLUE PEARL,196,https://prod-1.storage.jamendo.com/?trackid=1246830&format=mp32&from=HIpn3I8zceMn14oxvJB8RA%3D%3D%7Ce5uzGnuhavkf2%2B%2FCikmz3w%3D%3D,1246830,149348
Rewind Us,CHARIOTS,Rewind Us,172,https://prod-1.storage.jamendo.com/?trackid=1860359&format=mp32&from=iasFbkiOM5%2BFLOJTWtzh8w%3D%3D%7CVISoRBeHKC1tTwmzKcJlmw%3D%3D,1860359,243429
Paris_at_night,Offenbach Project,One Night in Paris,224,https://prod-1.storage.jamendo.com/?trackid=435966&format=mp32&from=B61kvYrTjkt2ecArfAIzUw%3D%3D%7CgQxD8vLOJ4GTHSvt9XzzfQ%3D%3D,435966,52821
Tantalizing Youth,Social Square,Songs vs. Life,252,https://prod-1.storage.jamendo.com/?trackid=1882821&format=mp32&from=tOgF8ViH4nPIEQv1u45%2Fcw%3D%3D%7C3K3fAAXrgZFz2LYtbJAfQA%3D%3D,1882821,453609
Straight to the Blue,SONIC MYSTERY,ENJOYING LIFE,144,https://prod-1.storage.jamendo.com/?trackid=952689&format=mp32&from=Z3nDBAgfOccALFrV4DhGBw%3D%3D%7CfKbS4ZtWM6EaAzlbqyCaPg%3D%3D,952689,112011
Rainbow Stone,Fresh Body Shop,Rainbow Stone (single),181,https://prod-1.storage.jamendo.com/?trackid=1036934&format=mp32&from=SZGwXg75PK0f2HYZ4YLKcw%3D%3D%7C4XEsYYdSOIAQQUey9CaJOQ%3D%3D,1036934,122071
A Walk In The Sunshine,The Vow,For a dreamer,168,https://prod-1.storage.jamendo.com/?trackid=1357118&format=mp32&from=cDXPBAG9akvRrSsOPccucQ%3D%3D%7CkSj%2BgywbKRfUBWixoSs7Ug%3D%3D,1357118,159941
Voodoo Dream,Antarhes,Breathin' Again,342,https://prod-1.storage.jamendo.com/?trackid=6181&format=mp32&from=GFVmwH7fuY6HKa%2FreAB%2F3w%3D%3D%7CR9Sa%2BBzhGK7FSSLkTtr9CQ%3D%3D,6181,953
Negative Sound,HiGhMaS,HiGhMaS,167,https://prod-1.storage.jamendo.com/?trackid=415605&format=mp32&from=tkbSMU2s0qsebtdkV8kizg%3D%3D%7C4PtCSHvsovoLZKrJQqXj7Q%3D%3D,415605,51331
Wall #4,Basement Skylights,Basement Skylights,149,https://prod-1.storage.jamendo.com/?trackid=939901&format=mp32&from=j3LL5rebNtn%2Fda3N7L2Arg%3D%3D%7CsLzpBMOGh6F9WHx44RKTnA%3D%3D,939901,110373
Sesión de groove,Lucas Jiménez,"Lucas Jiménez ""en silencio"" 2008",287,https://prod-1.storage.jamendo.com/?trackid=166921&format=mp32&from=lHoWC5QmUGiYxxHY6rY3Ow%3D%3D%7CsuFL%2FCEXtcgU850iBVip%2BA%3D%3D,166921,24510
Lazy Duck,Martin Eigenmann,Martins Funk Fusion,242,https://prod-1.storage.jamendo.com/?trackid=1078326&format=mp32&from=YywADCrBs5ZzMCiCN5rUiQ%3D%3D%7CjDwlKYeFJWwPGY%2F7vDc0nw%3D%3D,1078326,128418
She Told me,Antarhes,Breathin' Again,192,https://prod-1.storage.jamendo.com/?trackid=6182&format=mp32&from=%2F2XJCuSfJaTni8TN8%2BFwSQ%3D%3D%7Ckn7OrjwhRKcLjHl%2BcOM9JA%3D%3D,6182,953
Una Noche,MAKKENZIE,Una Noche,188,https://prod-1.storage.jamendo.com/?trackid=1881164&format=mp32&from=7BIvn7S%2FSiDRghxCPD4IbA%3D%3D%7CLQPw1QYK5WrYqGBfRS%2FeqQ%3D%3D,1881164,453006
Blues for the Naive,K4MMERER,Sir Agent Chill,138,https://prod-1.storage.jamendo.com/?trackid=570067&format=mp32&from=C4h2%2FCcBtBbOSQqeVlJPvg%3D%3D%7CtK37UeIgoivz5znXrmGfUQ%3D%3D,570067,65809
Impulse,Basement Skylights,Basement Skylights,142,https://prod-1.storage.jamendo.com/?trackid=939886&format=mp32&from=2D9%2BJiTXdtxrwN6nwUtQYQ%3D%3D%7COS%2BLS80Zv%2BDO7uEp8Dhodw%3D%3D,939886,110373
When Paris is Singing,Dazie Mae,Last Jazz in Paris,191,https://prod-1.storage.jamendo.com/?trackid=1518105&format=mp32&from=QLHYFyyeYtbCGXtJHwvLYg%3D%3D%7CIBAxVwGRzw5LC%2F585Kg1nA%3D%3D,1518105,174481
Click Click (Instrumental),Grünemusik,Click Click Single,282,https://prod-1.storage.jamendo.com/?trackid=174404&format=mp32&from=ScfhXs93NzGYsxUcFb2gag%3D%3D%7CrknwtPVuu0%2F8q4NC17gBRw%3D%3D,174404,25833
Sounds From The Past,mindthings,Life's Path,256,https://prod-1.storage.jamendo.com/?trackid=34403&format=mp32&from=lLKnXBlzoyQCuf2%2B9YU%2BHA%3D%3D%7CsNiw33CVM2mjPoMtzLziAg%3D%3D,34403,4219
Unis Vert,Laurent Danis,Unis Vert,188,https://prod-1.storage.jamendo.com/?trackid=1214410&format=mp32&from=6X4OKurh%2F1bEXWoIxQyuBA%3D%3D%7CGLvLwb5tJcEOZHyELsmAZQ%3D%3D,1214410,231446
Athens,Pierce Murphy,Through The Olive Branches,249,https://prod-1.storage.jamendo.com/?trackid=1860165&format=mp32&from=plh0mA58sUGNl3fjSJo0RQ%3D%3D%7Ci%2B65roseeXQKl29HQnPcsw%3D%3D,1860165,201715
About Me,Angus & Friends,Intimacy,284,https://prod-1.storage.jamendo.com/?trackid=1171560&format=mp32&from=gpvkTx%2FB1d1RxrMfrla1Vg%3D%3D%7CnvFau1HoMVA0Hgso1Rl5eQ%3D%3D,1171560,141095
Rêves About U,FrenchLAB (French Laboratory Of),Mysterious Sounds,241,https://prod-1.storage.jamendo.com/?trackid=7247&format=mp32&from=BqPknLBZA%2FSglNv2YEZvMQ%3D%3D%7C2NBVbvs%2FxuqkdGcKbLLASg%3D%3D,7247,1098
Spark,Final Round,It Ends with Us Both Right Here EP,224,https://prod-1.storage.jamendo.com/?trackid=1159406&format=mp32&from=ph%2FXzBEwaLABp4Voj%2FhpxQ%3D%3D%7C%2FWt37BrV87jRALrF%2Boa12A%3D%3D,1159406,139192
Misbehaved,Dazie Mae,Dazie Mae (demo),198,https://prod-1.storage.jamendo.com/?trackid=261271&format=mp32&from=o7LC3TCmlE2sXfWc94N%2FoQ%3D%3D%7CEJm6KZKeXHYhaak1x2HChA%3D%3D,261271,37345
Good Omen,Quietly Concerned,Good Omen,171,https://prod-1.storage.jamendo.com/?trackid=1266296&format=mp32&from=5XqK6quqoflXpb16sg1yIQ%3D%3D%7CcLeBOP2Noa3H6mzyB9aO2Q%3D%3D,1266296,212530
Higher And Higher,Scream Inc.,Inception,231,https://prod-1.storage.jamendo.com/?trackid=1460209&format=mp32&from=tDc%2FeA1qgiEMjM5uR5GWxQ%3D%3D%7CFNNVkT0DWNlnGpUMGtpmug%3D%3D,1460209,169451
No Prayers,Pokki DJ,No Prayers,201,https://prod-1.storage.jamendo.com/?trackid=1668075&format=mp32&from=0qZApV7MAU2JONJ7cC28SQ%3D%3D%7C%2FTAKWlovrQMoWJt4ch5pcA%3D%3D,1668075,186136
If I'm Falling,Singleton,The High Seas,369,https://prod-1.storage.jamendo.com/?trackid=703364&format=mp32&from=7XSqZ3bxkjO2oRNC3fL1FA%3D%3D%7C7GHaCxUlCQDZJf5%2BT6m7%2Bg%3D%3D,703364,82013
Pride,Matt Confusion,Else,207,https://prod-1.storage.jamendo.com/?trackid=1385554&format=mp32&from=jF1rGGnGH%2FdZ%2Fq7gK7PDfw%3D%3D%7C7AR%2Ftwilj2MEgB6dct7Eyw%3D%3D,1385554,162540
So Crazy,D.B. Ricapito,So Crazy,170,https://prod-1.storage.jamendo.com/?trackid=1758797&format=mp32&from=QFtEzw%2BvlRFyXAui0RoYSQ%3D%3D%7CL2PfX3scbc7ysGGlpRLazw%3D%3D,1758797,242177
Explore the intro,Tymono,Explore the,193,https://prod-1.storage.jamendo.com/?trackid=1070604&format=mp32&from=0epIVTG0T3AsZgBQwGsllA%3D%3D%7CRdMc6crVFSrNJO7KswHIzA%3D%3D,1070604,126794
The SlowDown Pt1,Basement Skylights,Basement Skylights,179,https://prod-1.storage.jamendo.com/?trackid=939899&format=mp32&from=dGngvclC%2FiL8LUImcj0yrw%3D%3D%7COk1j6ChDUTZtccfAXC8t4w%3D%3D,939899,110373
like u.,Dutilleul,like u.,229,https://prod-1.storage.jamendo.com/?trackid=1399586&format=mp32&from=utX6hfKNwFam0c2gi9L9RA%3D%3D%7CSt1XANxo%2BaoT6qglHyUf3g%3D%3D,1399586,372794
Silent Tears,Roger Subirana Mata,Point of no return,380,https://prod-1.storage.jamendo.com/?trackid=168951&format=mp32&from=RVyZsBkQ1%2FD1w52FWbmAcA%3D%3D%7Cvw6uQo22bkXAnVXmu2bbfw%3D%3D,168951,24858
Choosing my life,Galdson,Roots,151,https://prod-1.storage.jamendo.com/?trackid=14028&format=mp32&from=%2F7oRX0OZn8rR%2FMi4sTWZSQ%3D%3D%7CPDNBE1HRBGTHSxKnp%2BOPmw%3D%3D,14028,2007
Manta-dive,K4MMERER,Leaving Paradise,197,https://prod-1.storage.jamendo.com/?trackid=384090&format=mp32&from=1EHgea7cK8G%2ByPfJ4MZDCg%3D%3D%7Cv8%2BqmiXAk0hz5DFefBOgSQ%3D%3D,384090,48669
Don't Follow Me,14ice_music,Show Me What You Got,314,https://prod-1.storage.jamendo.com/?trackid=951447&format=mp32&from=lPFic%2FUzo87BtVlqHerK8Q%3D%3D%7CW6TilhudQpqej673g6uL2w%3D%3D,951447,111863
Gimme Love Feat Eric Maseko,D JAY KOI,Gimme Love Feat Eric Maseko,171,https://prod-1.storage.jamendo.com/?trackid=1858689&format=mp32&from=zPpwXjBaFgRERsSiFjEumQ%3D%3D%7C8HMFEw60qXxJVlkPFg7laQ%3D%3D,1858689,290197
Down,HiGhMaS,Highmas 2,167,https://prod-1.storage.jamendo.com/?trackid=593158&format=mp32&from=SBS3hweV5cbcF5xNEiKPIA%3D%3D%7CXOMhsy%2Fq%2FEgwUIIV1lR%2BWA%3D%3D,593158,68489
Through my mind,K4MMERER,Fairest of them all,402,https://prod-1.storage.jamendo.com/?trackid=751988&format=mp32&from=GotGx0uJ4dksGkQQ3BIk2g%3D%3D%7CDblKER8NueXCm0b5U4mKwQ%3D%3D,751988,87985
Good to Go,Josh Woodward,The Simple Life,189,https://prod-1.storage.jamendo.com/?trackid=162041&format=mp32&from=cVy8E73FSxDX26ODzwxcew%3D%3D%7CjrpTziS1l1sJ%2F07Axt%2B13Q%3D%3D,162041,23755
dla niej,Tymono,From My Soul,125,https://prod-1.storage.jamendo.com/?trackid=205088&format=mp32&from=LfF6RZFVLwd6IuqphACivQ%3D%3D%7CTgbRzSoNITCtLhHfVa%2F%2BYw%3D%3D,205088,30449
LatinFeel,JCRZ,Samples Of Myself,249,https://prod-1.storage.jamendo.com/?trackid=133682&format=mp32&from=JWdjochv3QwrxRBawXkhkw%3D%3D%7Ciim9wilhS04K3Xvoec71uA%3D%3D,133682,18954
Remember,Teresa,Feelings in Trouble,262,https://prod-1.storage.jamendo.com/?trackid=914291&format=mp32&from=jUG7gAX0GeywUk5gLJXmmA%3D%3D%7CapPapEwmoEpNDBkS9BFrxg%3D%3D,914291,108208
Nowhere,Antarhes,Breathin' Again,380,https://prod-1.storage.jamendo.com/?trackid=6180&format=mp32&from=zJBGIB5HabJCPy4SJwaRNQ%3D%3D%7C8UzIEbE0zHcqbiuMNDoKrw%3D%3D,6180,953
Memories,Grégoire Lourme,Life,240,https://prod-1.storage.jamendo.com/?trackid=1292386&format=mp32&from=mUzuKF%2F1okGiEWqWxr%2FJ3g%3D%3D%7CnkavBYEiabQEOfbVQXmWeA%3D%3D,1292386,153921
Poetry For The Moon,Daniel Catarino,Songs From The Attic Window,190,https://prod-1.storage.jamendo.com/?trackid=1076458&format=mp32&from=B7Mdk8BgPdFIwWLw917D3g%3D%3D%7C4vAmED8CJmHzbiYxwvho0A%3D%3D,1076458,128216
"Mozart, W.A.: Sonata No. 16 in C Major, K. 545 - II. Andante",OnClassical,Classical Music - The Piano Favourites of Alessandro Deljavan,298,https://prod-1.storage.jamendo.com/?trackid=1169718&format=mp32&from=pyYtAAOsgGnXvRQmyJnaNA%3D%3D%7CGQq%2BZHwZWfUFXnNBS2ZmeQ%3D%3D,1169718,140751
Talk a Little,Samie Bower,Talk a Little,215,https://prod-1.storage.jamendo.com/?trackid=1781142&format=mp32&from=G6YofqOMpVvo%2BuOQIwn%2F%2FA%3D%3D%7ChN%2FHl%2Fndtecka3%2FWLUi9QQ%3D%3D,1781142,338185
There Is A Line,Tamara Laurel,Lightning,199,https://prod-1.storage.jamendo.com/?trackid=1122086&format=mp32&from=7Q7SVE%2BHqkmmdin5m0UTNA%3D%3D%7C%2Fdg5Z3B422k4PMyHINvFMQ%3D%3D,1122086,134086
Morning Blue,Josh Woodward,The Simple Life,246,https://prod-1.storage.jamendo.com/?trackid=162031&format=mp32&from=DT73gKVTXhV%2BEDSomKyVRw%3D%3D%7C%2BEIneSoYbv9JXrcuy1EvNw%3D%3D,162031,23755
Breathin' Again (démo version),Antarhes,Breathin' Again,313,https://prod-1.storage.jamendo.com/?trackid=6183&format=mp32&from=ER7buyH4BCaLPP2EAT0cXw%3D%3D%7C3GliE03SC7Cwmnb69jEVtg%3D%3D,6183,953
Ethereal Awakening,Project Divinity,Divinity,285,https://prod-1.storage.jamendo.com/?trackid=18229&format=mp32&from=QxB2qH7HZTohwy6Q9K%2FajA%3D%3D%7CdgflRMz%2Bk56md8%2FPxHKROw%3D%3D,18229,2572
Time to Slow,Traffic In My Head,CDN,315,https://prod-1.storage.jamendo.com/?trackid=33326&format=mp32&from=juHO6ysmiRwWzyWmZT8XYQ%3D%3D%7ClwQ%2FrlOVId2eYRsaka25cA%3D%3D,33326,4117
we are all so busy,Kismet,Hiatus,211,https://prod-1.storage.jamendo.com/?trackid=300667&format=mp32&from=QhZMFbruNkTDy%2BlIlas39A%3D%3D%7Cpvok45PRakSgob0pnzRcIw%3D%3D,300667,41081
itried,Marjorie Etukudo and Band,i tried,233,https://prod-1.storage.jamendo.com/?trackid=730522&format=mp32&from=cql22X5tPkhwQztV0yr9kw%3D%3D%7Cjjq0CB9OswsektvqE3bTEg%3D%3D,730522,85362
Atlanta,Reno Project,1.0,286,https://prod-1.storage.jamendo.com/?trackid=161537&format=mp32&from=%2FX6jclho1NX9HyXcQOZtxA%3D%3D%7CqAyWaA%2BnD4nHBEZCtJo%2FZw%3D%3D,161537,23661
Statues,John Dada & the Weathermen,The Green Waltz,296,https://prod-1.storage.jamendo.com/?trackid=242410&format=mp32&from=ntf1DPBgLNukbPsuF1Dg7w%3D%3D%7CdF5%2FrlEoJqSsbkBtp6thug%3D%3D,242410,35540
DJ NAIRI- Sheet Like a This(ORIGINAL MIX),DJ NAIRI OFFICIAL,DJ NAIRI- Sheet Like a This(ORIGINAL MIX),162,https://prod-1.storage.jamendo.com/?trackid=1398281&format=mp32&from=pSH95DtSl5m42rvha92FAA%3D%3D%7CJ4tfZs%2BfigkHWLMsZlDoIg%3D%3D,1398281,217398
Strings,Basement Skylights,Basement Skylights,213,https://prod-1.storage.jamendo.com/?trackid=939887&format=mp32&from=6KbPt5wrY3aKL3BQtgUrwA%3D%3D%7CTR9KsQ6Em8Y9rusROoZP2g%3D%3D,939887,110373
Karoussel,Møme,Eclipse,246,https://prod-1.storage.jamendo.com/?trackid=1166698&format=mp32&from=TJ1sZ4qFyUindSYgdbPkAg%3D%3D%7CgHCoX0ZJ5SwzTRpdCu55hA%3D%3D,1166698,140295
Swimming Upstream,CrumbSnatchers,Big House,253,https://prod-1.storage.jamendo.com/?trackid=1345630&format=mp32&from=lEXDKJM6izkGV%2BqMZgFs%2FQ%3D%3D%7C0%2F1cE6yJ2Wrvce4moVia3w%3D%3D,1345630,158817
Job Done,SONIC MYSTERY,SUN BELIEVER,153,https://prod-1.storage.jamendo.com/?trackid=1113648&format=mp32&from=bSN4fgM4w0BPn4j6GCS4PA%3D%3D%7C63SsG9TIWPZmizTsAn68fQ%3D%3D,1113648,132999
Colder Than The Edge of Space,Heifervescent,Evolution Gains Again,277,https://prod-1.storage.jamendo.com/?trackid=1208037&format=mp32&from=aRAYr3ahmtmWQy8DVPLBrw%3D%3D%7CpM1zEhrreIxBp7KAGo2iRw%3D%3D,1208037,145084
Amity We Should Give,Amity in Fame,Dinner for One,310,https://prod-1.storage.jamendo.com/?trackid=188741&format=mp32&from=bcqh94HtJfYzWy8RmYSMTw%3D%3D%7CCfIzGHkfe72HV09zoRx7bg%3D%3D,188741,28245
At the Begining of Love,Dazie Mae,Seasonal Affective Disorder,195,https://prod-1.storage.jamendo.com/?trackid=744927&format=mp32&from=hOoNR5wVFfdpIrZdGh1bZg%3D%3D%7CTA1NjqX49rSJWCVIyHr0%2FQ%3D%3D,744927,87145
Three Kisses,Jake Gordon,Don't Leave Now,165,https://prod-1.storage.jamendo.com/?trackid=1329500&format=mp32&from=LMxJ%2BUCGKErAyAGjzYmHJA%3D%3D%7CTKg045cMqDC2XSOObYu0IA%3D%3D,1329500,155953
Silk Road,Manu Cornet,Distance & Temps,247,https://prod-1.storage.jamendo.com/?trackid=8559&format=mp32&from=oBsvvTPlI5TyOkbFdOVErQ%3D%3D%7CTQ9cMX18z5CjiRd1VFEIWw%3D%3D,8559,1290
Strong,BREEZELESS,Best of 10 Years - The Ultimate Collection GOLD,176,https://prod-1.storage.jamendo.com/?trackid=760428&format=mp32&from=%2FAlzcESvmW0elBN89uHAEg%3D%3D%7CZaeIDYsleCNFLHRtKPMbUQ%3D%3D,760428,88946
Since our Childout (Feat Diazel),HiGhMaS,HiGhMaS,330,https://prod-1.storage.jamendo.com/?trackid=415596&format=mp32&from=8baSFzRq6hr%2BavaGqOyQjA%3D%3D%7CRgdH5ens4MFx2%2FdKhrLSfA%3D%3D,415596,51331
Eye Of The Storm,Modern Pitch,Eye Of The Storm,294,https://prod-1.storage.jamendo.com/?trackid=1165004&format=mp32&from=Kw9xFz%2BoukRiPoCNKHEw2A%3D%3D%7CsWDj9IVdNVAM3pBhh6w3HQ%3D%3D,1165004,140048
Thanks for Nothing,Great White Buffalo,Great White Buffalo,219,https://prod-1.storage.jamendo.com/?trackid=1031199&format=mp32&from=IrRehjm0cFBY1QHoxQJmjA%3D%3D%7C6a83zqbqv9MYG%2FGZA0gyUg%3D%3D,1031199,121321
phnom penh 1974,Kismet,Hiatus,224,https://prod-1.storage.jamendo.com/?trackid=300732&format=mp32&from=PqKGKeRgCLpcaD4GXemMIg%3D%3D%7CDVr3nqQ7YszE55ZbToNWXA%3D%3D,300732,41081
Catch Vibe - Walking Away,Loud.drop,Catch Vibe - Walking away (Master),310,https://prod-1.storage.jamendo.com/?trackid=2011455&format=mp32&from=cetHKqy7%2FyzUNsPPCEjqaA%3D%3D%7CAHMiDoO32Md%2FdKOyHYvidw%3D%3D,2011455,514587
Epic Trailer,Blue Giraffe,Epic Trailer,113,https://prod-1.storage.jamendo.com/?trackid=1317626&format=mp32&from=cUWKpx0S1SXSU1XsOIdcNw%3D%3D%7CJJo4Aj0pYAaIaPa6E7O6Iw%3D%3D,1317626,353317
M  &  P  LOVE,ANGELIS & KRONOS,500 FEET UNDERGROUND,197,https://prod-1.storage.jamendo.com/?trackid=1451435&format=mp32&from=DK0Sex615nUp0DfsVuxMDQ%3D%3D%7CJBsAh%2FOQrlz1lpekMrbLkg%3D%3D,1451435,168671
Kiss My Lips (radio version),Kate Orange,Kiss my lips,202,https://prod-1.storage.jamendo.com/?trackid=438056&format=mp32&from=Oixi0Nozl%2FLzEH7EauV6iw%3D%3D%7CFLZjj314Yz5BFGqYrBufRA%3D%3D,438056,53007
The Promise,Wordsmith,The Promise,240,https://prod-1.storage.jamendo.com/?trackid=1445423&format=mp32&from=mmo4qm9YZxnJQ9aJ6LsxwQ%3D%3D%7CDF%2BxZZoAHazbaBsi%2FaSEaw%3D%3D,1445423,218938
Satellite,Major Major,Major Major,188,https://prod-1.storage.jamendo.com/?trackid=145949&format=mp32&from=9rscBkYI05KkBggnmez4eQ%3D%3D%7CtzWqBCAAS0NDIn29c3VCAA%3D%3D,145949,20784
"I'll Be Right Behind You, Josephine",Josh Woodward,Only Whispering,259,https://prod-1.storage.jamendo.com/?trackid=320060&format=mp32&from=9AGA0s8d6t73vFQ5mgfCag%3D%3D%7Cc5r7WRBKH6wTXmVdbOVZBA%3D%3D,320060,43195
Confession,Quesabe,CONFESSION_MASTER,147,https://prod-1.storage.jamendo.com/?trackid=1870094&format=mp32&from=O54jlZbu%2FN7v3kUZGfRZoA%3D%3D%7Cw%2F1sWwhEJZiLgBY6%2BMDQmw%3D%3D,1870094,448067
01-Manila,Luc Bartoli,Manila,304,https://prod-1.storage.jamendo.com/?trackid=170946&format=mp32&from=rMC04UjoIwNEd4qz2zIZdg%3D%3D%7CRMsb%2FkL9ygA%2FRFtYZDvbdQ%3D%3D,170946,25160
"SaReGaMa - Oh No, Babe (2007)",SaReGaMa,Honky Fonky (EP),255,https://prod-1.storage.jamendo.com/?trackid=73210&format=mp32&from=YLQm4836sjx4j%2BJa7qvWlw%3D%3D%7CTjYr0sOFoKDrgAboUSm3LA%3D%3D,73210,6471
Amber eyes,On returning,Silent tears in a city of strangers,214,https://prod-1.storage.jamendo.com/?trackid=959819&format=mp32&from=UQ2w8%2FxLVoH99iCRxwC4Eg%3D%3D%7CBSNgkQjbsUjzlbt0m5arxA%3D%3D,959819,112840
Summer84,Neon NiteClub,Eighty4,214,https://prod-1.storage.jamendo.com/?trackid=843024&format=mp32&from=BIj5hE3Hd7xBFbTXmqFAkA%3D%3D%7Cm4sqjl7R%2BD%2F6ikZlQcQRWA%3D%3D,843024,98504
My Little World,Other Noises,My Little World (single 2014),242,https://prod-1.storage.jamendo.com/?trackid=1126699&format=mp32&from=Qm3CFYO7nWaCcVNvBCdZaw%3D%3D%7CapVY7HvDxyGdXLBKI89mog%3D%3D,1126699,134842
Equilibrium,Ron Gelinas,Equilibrium,162,https://prod-1.storage.jamendo.com/?trackid=1557512&format=mp32&from=9rDXtGrUYZihd1hZXcYQjg%3D%3D%7C%2B26%2FObpGvCa4hqd28B6E6g%3D%3D,1557512,395527
Flowers Of September,The Tangerine Club,Old Fabric,181,https://prod-1.storage.jamendo.com/?trackid=1800917&format=mp32&from=QayqRtWS3MYOvWsmMi7gAA%3D%3D%7Cmj3znYoPIac2tg0WDpnQDg%3D%3D,1800917,196979
Baby Regresa- Cmelody Ft. The Choco,Ctoonzmusic,Ctoonz Music Mixtape,166,https://prod-1.storage.jamendo.com/?trackid=693309&format=mp32&from=eypauCobB0c4sfRM8hnrXw%3D%3D%7C%2FEITXkwhUUqSGV8asHCCSQ%3D%3D,693309,80793
Relegate the Judge,Amity in Fame,Dinner for One,280,https://prod-1.storage.jamendo.com/?trackid=188742&format=mp32&from=A9NjYZOxFQ6nlFi2FkUiqQ%3D%3D%7CtR52lfq4c8SCYJHzWWDOKg%3D%3D,188742,28245
Fire,The Guest Room,Fire,181,https://prod-1.storage.jamendo.com/?trackid=1809717&format=mp32&from=UJQkXUPhcuuAgpX27LwNbg%3D%3D%7CMCDl5JtlMoA7TQFPLFa5tQ%3D%3D,1809717,242985
Sensory Garden,andy blackwood,"cinematic, spiritual, holiday and relaxation",464,https://prod-1.storage.jamendo.com/?trackid=1224662&format=mp32&from=Do%2BDZY13n%2B1ewkRJln8tCw%3D%3D%7Cm%2Bz%2FlkJmZlazx160sFduuw%3D%3D,1224662,146700
ME & Dub,HiGhMaS,Highmas 3,165,https://prod-1.storage.jamendo.com/?trackid=768069&format=mp32&from=24JjY1i6ybEBbRimtwNcPQ%3D%3D%7CxhEibbwjBrMlmm%2F0pmHkZA%3D%3D,768069,90034
03 - Silent,Paolo Pavan,INSIDE,334,https://prod-1.storage.jamendo.com/?trackid=114773&format=mp32&from=XPoSJgWWDunsXAqyQVwZBw%3D%3D%7CbzzNmMn0zMfkjMsvGNPUOQ%3D%3D,114773,15112
Casanova,Seth Power,Magnolia Soul,306,https://prod-1.storage.jamendo.com/?trackid=1483585&format=mp32&from=DEAjBpKKCbHzAIUoUYNGQQ%3D%3D%7CnCeAK0I18LDkpckfbhT1Og%3D%3D,1483585,171527
She Dreams in Blue,Josh Woodward,Not Quite Connected,317,https://prod-1.storage.jamendo.com/?trackid=78728&format=mp32&from=k1x9fb6Se%2BnCS4k7qDc4hw%3D%3D%7C0FYHNnUpPz3VqHQcIcX2Vg%3D%3D,78728,7168
New Born Son,Amity in Fame,Dinner for One,274,https://prod-1.storage.jamendo.com/?trackid=188743&format=mp32&from=3NkBDugYUCQu4AOvS%2BJPIg%3D%3D%7CBQi9NQi%2FrgNqoRojQ54hFw%3D%3D,188743,28245
Ils marchent,Soul Connexion,Perspectives,231,https://prod-1.storage.jamendo.com/?trackid=381092&format=mp32&from=1MCP1ZDT4TY1MVfqkyzMiQ%3D%3D%7CCWDNI%2Bz80E64XIfXA6yhig%3D%3D,381092,48465
We've Got to Plug You In,Heifervescent,Pondlife Fiasco,244,https://prod-1.storage.jamendo.com/?trackid=287427&format=mp32&from=EySYaBwpQqsTHJXX3peMhQ%3D%3D%7CAOJV6NRAV02ddlgQmuUUKQ%3D%3D,287427,39947
Horse Tamer,Jon Maurer,I. (Fire),259,https://prod-1.storage.jamendo.com/?trackid=1230671&format=mp32&from=QfsPknevD50oYjl9tdCeUw%3D%3D%7C4Cz1tnY4a4%2Byjy%2FMpBAeuQ%3D%3D,1230671,147582
Avocado Ginger Tree,The Rabbitts,Avocado Ginger Tree,157,https://prod-1.storage.jamendo.com/?trackid=1447219&format=mp32&from=TCrVslSXTJzPlD70i3x8qg%3D%3D%7C4SLlIlO7xxnATZfLCX8Org%3D%3D,1447219,168269
Morning,Danie Nel,Painting with Light (part II),221,https://prod-1.storage.jamendo.com/?trackid=492136&format=mp32&from=5GuA8S8OTI2xP8dki5CMWA%3D%3D%7C4mew0HdLw2dzPAdXIbru8w%3D%3D,492136,58059
I Feel You (Produced by Benstar),Mickey Blue,I Feel You (Produced by Benstar),251,https://prod-1.storage.jamendo.com/?trackid=1380887&format=mp32&from=oZZ9UxGPBbJsDW7SFUl2hg%3D%3D%7CPzMTmAHPXgfQj5XoZU1unQ%3D%3D,1380887,305605
I Don't Care,14ice_music,I Don't Care,234,https://prod-1.storage.jamendo.com/?trackid=689543&format=mp32&from=WzxyhY7vGpkZCiNnt8wcEw%3D%3D%7CvyVgmReawt%2Fr4OUj4Mklog%3D%3D,689543,80306
Living With The Pain,Fallen to Flux,"From the Outside, Looking In",307,https://prod-1.storage.jamendo.com/?trackid=1187644&format=mp32&from=PyYRgtI54pt06oxNlChQ3Q%3D%3D%7C3etj%2BJ%2BRujULAlthl1WQdQ%3D%3D,1187644,142938
Fading Away,Amity in Fame,Dinner for One,178,https://prod-1.storage.jamendo.com/?trackid=188745&format=mp32&from=EisvnTexiP96zMfkq5aBVw%3D%3D%7CY7HDJ2zChtVqdzIvTRwSXg%3D%3D,188745,28245
GoodMood,Manuzik,Nouvelles Shortstories,171,https://prod-1.storage.jamendo.com/?trackid=2082&format=mp32&from=X3THIycZvM6%2FiGHp8PGnVA%3D%3D%7CtfnlSugVXAuNLo5tisYtOw%3D%3D,2082,327
Méditation,HiGhMaS,Highmas 2,188,https://prod-1.storage.jamendo.com/?trackid=593163&format=mp32&from=BeQpj9F7FoXQHa3GYjSDFA%3D%3D%7C0I9ealcmc8Rf1FdKWnx09g%3D%3D,593163,68489
A Lil Sumhin' Sumhin',The Good Lawdz,A Lil Somethin' Somethin',505,https://prod-1.storage.jamendo.com/?trackid=947857&format=mp32&from=dPgNVlplpbYStELRrGpVRw%3D%3D%7CZQ4Qj6amOlLwWPiGjR%2BvcA%3D%3D,947857,111378
Distance,Manu Cornet,Distance & Temps,248,https://prod-1.storage.jamendo.com/?trackid=8561&format=mp32&from=oWShh0nWhrUUnlBsVLyDWw%3D%3D%7CQmkkvboFJFSOfgrRefVMSQ%3D%3D,8561,1290
Just because,Prysm,Just because,248,https://prod-1.storage.jamendo.com/?trackid=1294081&format=mp32&from=qLyWBicAq0b9LJ0o57KdHw%3D%3D%7ChMOf54HaiIN4nEupTlBIdg%3D%3D,1294081,290950
1. B-eiger - Happy!,B-eiger,Sometimes,203,https://prod-1.storage.jamendo.com/?trackid=1229418&format=mp32&from=yU9U6GY927Urc8MLf0gjjg%3D%3D%7Cq9ypnm1YD6XUcOnmXMX%2Fng%3D%3D,1229418,147457
empty,Grace Valhalla,PEAK~,329,https://prod-1.storage.jamendo.com/?trackid=15166&format=mp32&from=FwCdOeUtl1pd4ii46HaNmQ%3D%3D%7Cj%2BxldBqguQA4AnVAC6ZMTA%3D%3D,15166,2162
Love You Don't Go (Dubstep version),JekK,Dear Dreams,199,https://prod-1.storage.jamendo.com/?trackid=1157360&format=mp32&from=xm3k8B%2BkxRaKdezZHRZjqA%3D%3D%7CcZKw9FlyQB0d2rnnM6TvVg%3D%3D,1157360,138887
House,Dp9,House,230,https://prod-1.storage.jamendo.com/?trackid=1430812&format=mp32&from=w%2FJyXY0Tr8iqFdqDRd49GA%3D%3D%7CUhiyq3anR3KyxWCpGtnOKQ%3D%3D,1430812,218440
Gravity,Josh Woodward,Dirty Wings,235,https://prod-1.storage.jamendo.com/?trackid=78307&format=mp32&from=rF9%2BM9xc6zGSxX4y9mnlhQ%3D%3D%7CogvrYnkb7F6RewSK3nc5fg%3D%3D,78307,7098
Big Disco Ball,Josh Woodward,Crawford Street,235,https://prod-1.storage.jamendo.com/?trackid=582248&format=mp32&from=Yo3prv1RK6UoMA9Nm3yU0Q%3D%3D%7CgufxHcXLihkn3JB0XJeOqw%3D%3D,582248,67189
"J.S.Bach The Well-Tempered Clavier. Prelude 1, I Book",Madì - Composer,"J.S.Bach The Well-Tempered Clavier. Prelude 1, I Book",140,https://prod-1.storage.jamendo.com/?trackid=1437148&format=mp32&from=SbBLDhcbalXqbJd6%2B2MTxA%3D%3D%7CmihfMt64iteamAShNAlodw%3D%3D,1437148,340006
Sour Song,Amity in Fame,Dinner for One,294,https://prod-1.storage.jamendo.com/?trackid=188747&format=mp32&from=dC00LJdztAmvaQ7ifU5UHw%3D%3D%7CYY6cfBuEdGwQXF3%2BcNduaA%3D%3D,188747,28245
